Day,01:00,02:00,03:00,04:00,05:00,06:00,07:00,08:00,09:00,10:00,11:00,12:00,13:00,14:00,15:00,16:00,17:00,18:00,19:00,month,season
2023-01-01,3.3325714285714283,3.3325714285714283,3.3325714285714283,3.3325714285714283,3.3325714285714283,2.1222857142857143,135.0022857142857,609.0125714285714,657.5565714285714,590.6342857142857,295.5405714285714,256.37142857142857,50.33828571428572,5.506285714285714,1.1794285714285713,1.1794285714285713,1.1794285714285713,1.1794285714285713,1.1794285714285713,1,Winter
2023-01-02,1.1794285714285713,1.1794285714285713,1.1794285714285713,1.1794285714285713,1.1794285714285713,1.3257142857142856,60.34057142857142,147.16457142857143,234.304,151.93257142857144,105.74857142857142,60.052571428571426,24.674285714285716,5.404571428571429,2.811428571428572,2.811428571428572,2.811428571428572,2.811428571428572,2.811428571428572,1,Winter
2023-01-03,2.811428571428572,2.811428571428572,2.811428571428572,2.811428571428572,2.811428571428572,9.208,169.184,614.8902857142857,527.3337142857143,354.2217142857143,472.4251428571429,173.6582857142857,53.11885714285714,8.201142857142857,2.1942857142857144,2.1942857142857144,2.1942857142857144,2.1942857142857144,2.1942857142857144,1,Winter
2023-01-04,2.1942857142857144,2.1942857142857144,2.1942857142857144,2.1942857142857144,2.1942857142857144,2.9382857142857146,146.04342857142856,681.2365714285714,403.3977142857143,355.37485714285714,237.088,327.08342857142856,83.43428571428572,7.072,1.3302857142857143,1.3302857142857143,1.3302857142857143,1.3302857142857143,1.3302857142857143,1,Winter
2023-01-05,1.3302857142857143,1.3302857142857143,1.3302857142857143,1.3302857142857143,1.3302857142857143,0.6651428571428571,40.76457142857143,99.14399999999999,184.89257142857142,279.23657142857144,246.43657142857143,91.6182857142857,26.621714285714287,7.2137142857142855,2.88,2.88,2.88,2.88,2.88,1,Winter
2023-01-06,2.88,2.88,2.88,2.88,2.88,2.886857142857143,54.79771428571429,163.336,297.1771428571428,471.2537142857143,248.17142857142858,138.06628571428573,63.304,7.710857142857142,2.4411428571428573,2.4411428571428573,2.4411428571428573,2.4411428571428573,2.4411428571428573,1,Winter
2023-01-07,2.4411428571428573,2.4411428571428573,2.4411428571428573,2.4411428571428573,2.4411428571428573,1.1062857142857143,45.928,108.78171428571429,172.128,169.00114285714284,250.91657142857142,183.18285714285713,56.14171428571428,7.763428571428571,3.030857142857143,3.030857142857143,2.9929523809523815,3.1150476190476195,3.0462857142857147,1,Winter
2023-01-08,3.030857142857143,3.030857142857143,3.030857142857143,3.030857142857143,3.030857142857143,1.5394285714285716,60.91542857142857,212.27428571428572,421.3462857142857,622.0057142857142,1048.8228571428572,670.4457142857143,244.98514285714285,15.398857142857143,3.291428571428572,3.291428571428572,3.291428571428572,3.291428571428572,3.291428571428572,1,Winter
2023-01-09,3.291428571428572,3.291428571428572,3.291428571428572,3.291428571428572,3.291428571428572,2.2194285714285718,60.59771428571428,206.00799999999998,258.41942857142857,245.94514285714286,219.8902857142857,149.59428571428572,69.14628571428571,7.619428571428571,2.8525714285714288,2.8525714285714288,2.8525714285714288,2.8525714285714288,2.8525714285714288,1,Winter
2023-01-10,2.8525714285714288,2.8525714285714288,2.8525714285714288,2.8525714285714288,2.8525714285714288,2.3405714285714287,17.567999999999998,72.464,147.5737142857143,152.47657142857142,128.16914285714284,69.95428571428572,62.144,7.531428571428571,2.3725714285714288,2.3725714285714288,2.3725714285714288,2.3725714285714288,2.3725714285714288,1,Winter
2023-01-11,2.3725714285714288,2.3725714285714288,2.3725714285714288,2.3725714285714288,2.3725714285714288,1.5577142857142858,25.597714285714286,70.16685714285714,98.34285714285714,134.3177142857143,126.06171428571429,87.216,46.00228571428571,7.741714285714285,3.6068571428571428,3.6068571428571428,3.6068571428571428,3.6068571428571428,3.6068571428571428,1,Winter
2023-01-12,3.6068571428571428,3.6068571428571428,3.6068571428571428,3.6068571428571428,3.6068571428571428,1.7999999999999998,23.661714285714286,74.29028571428572,103.52114285714286,113.68114285714286,252.1702857142857,141.32,90.45714285714286,12.750857142857143,4.093714285714285,4.073142857142857,4.073142857142857,4.073142857142857,4.073142857142857,1,Winter
2023-01-13,4.073142857142857,4.073142857142857,4.073142857142857,4.073142857142857,4.073142857142857,4.584,50.93828571428571,110.63314285714286,152.46057142857143,146.53714285714287,129.4594285714286,101.49142857142857,45.94857142857143,7.952,1.1520000000000001,1.1520000000000001,1.1520000000000001,1.1520000000000001,1.1520000000000001,1,Winter
2023-01-14,1.1520000000000001,1.1520000000000001,1.1520000000000001,1.1520000000000001,1.1520000000000001,0.7394285714285714,125.608,479.27085714285715,665.6297142857143,653.8731428571429,1471.7451428571428,426.152,275.2102857142857,34.84457142857143,3.634285714285714,3.634285714285714,3.634285714285714,3.634285714285714,3.634285714285714,1,Winter
2023-01-15,3.634285714285714,3.634285714285714,3.634285714285714,3.634285714285714,3.634285714285714,6.589714285714285,138.69485714285713,196.58057142857143,284.4822857142857,293.072,141.91771428571428,96.26514285714285,33.44914285714286,7.564571428571428,3.3600000000000003,3.3600000000000003,3.3600000000000003,3.3600000000000003,3.3600000000000003,1,Winter
2023-01-16,3.3600000000000003,3.3600000000000003,3.3600000000000003,3.3600000000000003,3.3600000000000003,2.5942857142857143,266.07085714285716,1033.9794285714286,1487.2457142857143,1441.104,1282.0662857142856,595.5394285714285,190.37371428571427,27.465142857142855,3.3451428571428576,3.0857142857142863,3.0857142857142863,3.0857142857142863,3.0857142857142863,1,Winter
2023-01-17,3.0857142857142863,3.0857142857142863,3.0857142857142863,3.0857142857142863,3.0857142857142863,1.614857142857143,22.4,84.088,77.06171428571429,173.6457142857143,108.72,116.92685714285714,147.312,25.501714285714286,2.7942857142857145,2.5782857142857143,2.5782857142857143,2.5782857142857143,2.5782857142857143,1,Winter
2023-01-18,2.5782857142857143,2.5782857142857143,2.5782857142857143,2.5782857142857143,2.5782857142857143,1.2114285714285715,17.283428571428573,112.632,143.96114285714285,139.19771428571428,159.3942857142857,87.65714285714286,35.03657142857143,10.846857142857143,3.6068571428571428,3.6068571428571428,3.6068571428571428,3.5017142857142853,3.6289523809523807,1,Winter
2023-01-19,3.6068571428571428,3.6068571428571428,3.6068571428571428,3.6068571428571428,3.6068571428571428,5.645714285714286,97.84685714285715,227.9234285714286,391.91085714285714,419.17028571428574,272.1062857142857,197.43085714285715,158.45142857142858,28.16,2.6274285714285717,2.3862857142857146,2.3862857142857146,2.3862857142857146,2.3862857142857146,1,Winter
2023-01-20,2.3862857142857146,2.3862857142857146,2.3862857142857146,2.3862857142857146,2.3862857142857146,2.277714285714286,6.530285714285714,30.396571428571427,33.905142857142856,27.918857142857142,33.59771428571428,36.184,19.457142857142856,9.953142857142856,2.846857142857143,2.646857142857143,2.646857142857143,2.646857142857143,2.646857142857143,1,Winter
2023-01-21,2.646857142857143,2.646857142857143,2.646857142857143,2.646857142857143,2.646857142857143,2.6194285714285717,0.336,0.6068571428571428,6.3748571428571426,17.739428571428572,19.010285714285715,14.932571428571428,10.888,7.138285714285713,1.5222857142857142,1.5222857142857142,1.5222857142857142,1.5222857142857142,1.5222857142857142,1,Winter
2023-01-22,1.5222857142857142,1.5222857142857142,1.5222857142857142,1.5222857142857142,1.5222857142857142,0.5337142857142857,19.656,53.733714285714285,84.51085714285715,64.46514285714287,51.40685714285714,49.872,30.2,12.07542857142857,3.262857142857143,2.825142857142857,2.825142857142857,2.825142857142857,2.825142857142857,1,Winter
2023-01-23,2.825142857142857,2.825142857142857,2.825142857142857,2.825142857142857,2.825142857142857,1.1782857142857144,14.168000000000001,44.728,73.41142857142857,100.50171428571429,80.176,55.28342857142857,32.832,11.814857142857143,3.201142857142857,2.5782857142857143,2.5782857142857143,2.5782857142857143,2.5782857142857143,1,Winter
2023-01-24,2.5782857142857143,2.5782857142857143,2.5782857142857143,2.5782857142857143,2.5782857142857143,2.930285714285714,44.04,67.44914285714286,85.85714285714286,153.6582857142857,99.11428571428571,78.51542857142857,34.64457142857143,12.017142857142858,3.1245714285714286,2.2354285714285713,2.2354285714285713,2.2354285714285713,2.2354285714285713,1,Winter
2023-01-25,2.2354285714285713,2.2354285714285713,2.2354285714285713,2.2354285714285713,2.2354285714285713,1.425142857142857,26.929142857142857,72.06628571428571,112.75542857142858,166.96914285714286,192.83542857142857,124.61257142857143,96.78285714285714,23.448,4.3348571428571425,3.4285714285714284,3.4285714285714284,3.4285714285714284,3.4285714285714284,1,Winter
2023-01-26,3.4285714285714284,3.4285714285714284,3.4285714285714284,3.4285714285714284,3.4285714285714284,5.96,67.65028571428572,95.14514285714286,108.65028571428572,113.58742857142857,90.392,88.17485714285714,42.952,12.05942857142857,3.553142857142857,3.4285714285714284,3.4285714285714284,3.4285714285714284,3.4285714285714284,1,Winter
2023-01-27,3.4285714285714284,3.4285714285714284,3.4285714285714284,3.4285714285714284,3.4285714285714284,2.2114285714285713,3.8057142857142856,21.786285714285714,30.190857142857144,37.097142857142856,23.149714285714285,16.129142857142856,14.177142857142856,8.790857142857142,4.238857142857142,3.757714285714285,3.757714285714285,3.757714285714285,3.757714285714285,1,Winter
2023-01-28,3.757714285714285,3.757714285714285,3.757714285714285,3.757714285714285,3.757714285714285,2.0445714285714285,0.8422857142857143,10.500571428571428,23.550857142857144,27.356571428571428,26.0,21.52457142857143,15.003428571428572,9.309714285714286,4.057142857142856,3.48342857142857,3.48342857142857,3.48342857142857,3.48342857142857,1,Winter
2023-01-29,3.48342857142857,3.48342857142857,3.48342857142857,3.48342857142857,3.48342857142857,1.5988571428571423,0.7108571428571429,14.621714285714287,24.013714285714286,26.121142857142857,23.134857142857143,19.070857142857143,15.941714285714285,8.865142857142857,3.4685714285714284,3.126857142857143,3.126857142857143,3.126857142857143,3.1297142857142854,1,Winter
2023-01-30,3.1116190476190475,3.126857142857143,3.126857142857143,3.126857142857143,3.126857142857143,2.056,0.0,1.6228571428571428,14.867428571428572,23.388571428571428,23.91314285714286,17.138285714285715,16.229714285714287,12.489142857142857,4.347428571428571,2.7291428571428566,2.7291428571428566,2.7291428571428566,2.7291428571428566,1,Winter
2023-01-31,2.7291428571428566,2.7291428571428566,2.7291428571428566,2.7291428571428566,2.7291428571428566,4.4788571428571435,102.39428571428572,203.74971428571428,322.8457142857143,473.3154285714286,706.1782857142857,519.0994285714286,225.024,61.42628571428572,6.348571428571428,3.0857142857142854,3.0857142857142854,3.0857142857142854,3.0857142857142854,1,Winter
2023-02-01,3.0857142857142854,3.0857142857142854,3.0857142857142854,3.0857142857142854,3.0857142857142854,14.249142857142857,112.69714285714286,168.1577142857143,292.40457142857144,756.5588571428572,645.5828571428572,215.22857142857143,115.65828571428571,41.49371428571429,4.299428571428571,0.9462857142857144,0.9462857142857144,0.9462857142857144,0.9462857142857144,2,Winter
2023-02-02,0.9462857142857144,0.9462857142857144,0.9462857142857144,0.9462857142857144,0.9085714285714286,30.641142857142857,198.53714285714284,318.14971428571425,426.56,487.0662857142857,309.09371428571427,195.6342857142857,186.23542857142857,93.54171428571429,6.966857142857143,2.5920000000000005,2.5920000000000005,2.5920000000000005,2.5920000000000005,2,Winter
2023-02-03,2.5920000000000005,2.5920000000000005,2.5920000000000005,2.5920000000000005,2.525714285714286,25.89257142857143,145.68571428571428,316.0297142857143,701.8742857142856,662.7165714285715,808.2537142857143,567.8708571428572,330.16914285714284,93.78171428571429,8.386285714285714,3.3600000000000003,3.3600000000000003,3.3600000000000003,3.3600000000000003,2,Winter
2023-02-04,3.3600000000000003,3.3600000000000003,3.3600000000000003,3.3600000000000003,3.08,44.87542857142857,182.37028571428573,355.4011428571429,750.8091428571428,1066.6777142857143,443.8857142857143,435.0137142857143,262.04,51.459428571428575,7.287999999999999,3.620571428571428,3.620571428571428,3.620571428571428,3.620571428571428,2,Winter
2023-02-05,3.620571428571428,3.620571428571428,3.620571428571428,3.620571428571428,2.934857142857142,49.40342857142858,248.02971428571428,341.7942857142857,415.1874285714286,350.65485714285717,383.7131428571428,323.61028571428574,227.1702857142857,122.09028571428571,9.105142857142857,3.154285714285714,3.154285714285714,3.154285714285714,3.154285714285714,2,Winter
2023-02-06,3.154285714285714,3.154285714285714,3.154285714285714,3.154285714285714,2.649142857142857,65.25257142857143,389.34285714285716,539.2057142857143,641.7074285714285,516.4685714285714,523.6068571428572,233.80914285714286,139.51657142857144,39.12685714285714,7.037714285714285,2.6742857142857144,2.6742857142857144,2.6742857142857144,2.6742857142857144,2,Winter
2023-02-07,2.6742857142857144,2.6742857142857144,2.6742857142857144,2.6742857142857144,1.9828571428571429,53.32,186.33371428571428,412.0377142857143,581.4102857142857,980.3668571428572,851.168,613.8377142857142,339.37142857142857,133.88,13.406857142857143,3.579428571428571,3.579428571428571,3.579428571428571,3.579428571428571,2,Winter
2023-02-08,3.579428571428571,3.579428571428571,3.579428571428571,3.579428571428571,3.5188571428571427,116.23314285714287,205.216,1077.9005714285713,1176.8,1211.2457142857143,792.3725714285714,746.1314285714285,346.82057142857144,105.03657142857142,16.75542857142857,3.058285714285714,3.058285714285714,3.058285714285714,3.058285714285714,2,Winter
2023-02-09,3.058285714285714,3.058285714285714,3.058285714285714,3.058285714285714,3.710857142857143,151.19885714285715,460.4491428571429,902.5177142857143,2803.134857142857,2937.2537142857145,2875.232,2393.186285714286,1388.3302857142858,378.2491428571429,19.251428571428573,0.5760000000000001,0.5760000000000001,0.5760000000000001,0.584,2,Winter
2023-02-10,0.9592857142857143,0.948,0.948,0.948,0.753,36.031,98.177,283.78499999999997,396.495,747.625,816.717,697.567,1411.267,346.748,25.968,3.8399999999999994,3.8399999999999994,3.8399999999999994,3.8399999999999994,2,Winter
2023-02-11,3.8399999999999994,3.8399999999999994,3.8399999999999994,3.8399999999999994,2.9809999999999994,50.66799999999999,97.528,129.831,174.613,196.696,135.004,210.938,101.621,50.172000000000004,8.823,1.7160000000000002,1.7160000000000002,1.7160000000000002,1.7160000000000002,2,Winter
2023-02-12,1.7160000000000002,1.7160000000000002,1.7160000000000002,1.7160000000000002,7.589,258.884,930.376,1892.6970000000001,2334.754,2861.179,1913.306,718.682,862.09,358.60299999999995,25.92,3.2039999999999997,3.2039999999999997,3.2039999999999997,3.2039999999999997,2,Winter
2023-02-13,3.2039999999999997,3.2039999999999997,3.2039999999999997,3.2039999999999997,2.2079999999999997,33.794000000000004,122.286,165.167,264.775,309.252,229.861,164.89,110.712,75.087,19.438,1.8840000000000001,1.6320000000000001,1.6320000000000001,1.6320000000000001,2,Winter
2023-02-14,1.6320000000000001,1.6320000000000001,1.6320000000000001,1.6320000000000001,9.766,262.835,1230.852,1964.557,2809.605,3100.533,3115.5049999999997,2712.5769999999998,1778.479,503.991,49.115,4.187,3.108,3.108,3.108,2,Winter
2023-02-15,3.108,3.108,3.108,3.108,1.673,76.806,188.40699999999998,272.789,319.314,401.71,391.354,309.599,163.413,66.80499999999999,9.783999999999999,3.588,3.588,3.588,3.588,2,Winter
2023-02-16,3.588,3.588,3.588,3.588,2.0469999999999997,50.22,147.05,251.38500000000002,327.07,333.03700000000003,267.897,185.159,118.165,55.496,11.456,3.168,3.168,3.168,3.168,2,Winter
2023-02-17,3.168,3.168,3.168,3.168,2.069,28.757,80.278,127.717,182.721,168.13400000000001,216.727,197.516,146.04,61.538,11.017,2.46,2.46,2.46,2.46,2,Winter
2023-02-18,2.46,2.46,2.46,2.46,1.374,98.574,177.491,365.508,474.843,717.9970000000001,657.8240000000001,459.93,430.825,322.29900000000004,34.686,2.6380000000000003,2.436,2.436,2.436,2,Winter
2023-02-19,2.436,2.436,2.436,2.436,17.539,353.192,731.041,1273.964,2546.6530000000002,2901.247,2604.938,2215.38,1573.251,580.413,60.659,3.7849999999999993,3.2039999999999997,3.2039999999999997,3.2039999999999997,2,Winter
2023-02-20,3.2039999999999997,3.2039999999999997,3.2039999999999997,3.2039999999999997,55.598,391.502,396.6,307.98199999999997,255.584,215.253,88.073,39.144,22.618,9.499999999999998,5.193,3.108,3.108,3.108,3.0467142857142857,2,Winter
2023-02-21,3.121,3.145,3.108,3.108,5.381,175.482,272.67,582.708,1769.0369999999998,2187.51,626.613,482.997,324.086,143.11599999999999,40.637,4.159999999999999,3.6839999999999993,3.6839999999999993,3.6839999999999993,2,Winter
2023-02-22,3.6839999999999993,3.6839999999999993,3.6839999999999993,3.6839999999999993,1.8589999999999998,34.22,119.339,212.76,329.044,367.74,272.547,745.591,374.358,244.25799999999998,54.998000000000005,4.056,2.8680000000000003,2.8680000000000003,2.8680000000000003,2,Winter
2023-02-23,2.8680000000000003,2.8680000000000003,2.8680000000000003,2.8680000000000003,26.582,539.525,898.201,786.0840000000001,873.011,1543.2060000000001,2180.2160000000003,1275.4,784.296,411.35900000000004,92.245,4.495,3.5759999999999996,3.5759999999999996,3.5759999999999996,2,Winter
2023-02-24,3.5759999999999996,3.5759999999999996,3.5759999999999996,3.5759999999999996,1.445,44.714,93.033,172.61,313.367,693.476,370.39,278.933,238.282,213.144,32.29,3.215,2.724,2.724,2.724,2,Winter
2023-02-25,2.724,2.724,2.724,2.724,16.076999999999998,110.093,327.512,305.725,462.239,646.836,728.801,521.11,295.11699999999996,156.528,74.241,4.394,3.3480000000000003,3.3480000000000003,3.3480000000000003,2,Winter
2023-02-26,3.3480000000000003,3.3480000000000003,3.3480000000000003,3.3480000000000003,0.754,38.19,78.334,216.947,378.762,317.135,397.856,421.757,242.1,175.76399999999998,33.561,4.192,3.096,3.096,3.096,2,Winter
2023-02-27,3.096,3.096,3.096,3.096,32.364,192.54399999999998,419.512,642.7180000000001,894.5360000000001,1764.587,3589.426,3232.606,2460.779,1265.703,163.267,6.9559999999999995,2.94,2.94,2.94,2,Winter
2023-02-28,2.94,2.94,2.94,2.76,79.714,652.9250000000001,1697.491,2187.35,1562.598,3457.13,2935.775,3278.636,2086.6639999999998,1247.882,256.173,9.904,3.24,3.24,3.24,2,Winter
2023-03-01,3.24,3.24,3.24,3.24,27.97,180.62900000000002,457.88300000000004,586.807,772.2660000000001,917.966,923.198,705.355,445.044,161.481,30.377999999999997,5.316,4.08,4.08,4.08,3,Spring
2023-03-02,4.08,4.08,4.08,3.9519999999999995,20.426,104.343,232.956,404.472,554.347,825.836,901.156,951.248,1250.83,1394.226,166.936,6.517,2.16,2.16,2.16,3,Spring
2023-03-03,2.16,2.16,2.16,1.998,27.944000000000003,144.424,338.10699999999997,994.392,2175.073,946.7040000000001,863.811,1087.813,665.188,239.608,77.916,4.2059999999999995,0.22799999999999998,0.22799999999999998,0.22799999999999998,3,Spring
2023-03-04,0.2307142857142857,0.2307142857142857,0.22799999999999998,0.209,79.365,392.182,884.5790000000001,980.874,1342.3580000000002,2144.255,2962.09,2916.795,908.1089999999999,1668.374,340.309,8.754999999999999,3.036,3.036,3.036,3,Spring
2023-03-05,3.036,3.036,3.036,2.473,43.859,318.225,750.374,1900.469,3466.704,3150.387,2900.715,2496.426,2513.123,1617.885,311.32,15.009,3.024,3.024,3.024,3,Spring
2023-03-06,3.024,3.024,3.024,2.347,115.753,634.602,778.1869999999999,901.0409999999999,2419.099,3226.799,3869.391,1438.0,874.711,873.793,113.32300000000001,10.44,1.26,1.26,1.26,3,Spring
2023-03-07,1.26,1.26,1.26,1.381,196.856,845.816,1834.2129999999997,2787.352,2692.632,2817.221,1916.497,2088.156,1386.287,494.687,111.297,6.537999999999999,3.539999999999999,3.539999999999999,3.539999999999999,3,Spring
2023-03-08,3.539999999999999,3.539999999999999,3.539999999999999,2.6949999999999994,66.896,613.683,1446.804,2385.578,2154.1240000000003,1171.256,1308.095,610.3,716.25,1014.3489999999999,360.735,17.073999999999998,3.6239999999999997,3.6239999999999997,3.6239999999999997,3,Spring
2023-03-09,3.6239999999999997,3.6239999999999997,3.6239999999999997,5.076,228.30200000000002,1081.428,2137.409,3039.296,3416.646,2779.911,2709.773,1870.9360000000001,1160.701,911.081,296.113,15.200999999999999,0.492,0.492,0.492,3,Spring
2023-03-10,0.492,0.492,0.492,0.328,114.655,345.18,527.678,467.063,343.73199999999997,574.825,713.0889999999999,472.163,422.996,249.02100000000002,85.512,7.556,1.4880000000000002,1.4880000000000002,1.4880000000000002,3,Spring
2023-03-11,1.4880000000000002,1.4880000000000002,1.4880000000000002,1.137,20.089,103.67800000000001,188.001,332.142,531.5260000000001,466.272,391.533,292.379,334.987,111.879,40.846000000000004,7.32,2.8560000000000003,2.8560000000000003,2.8560000000000003,3,Spring
2023-03-12,2.8560000000000003,2.8560000000000003,2.8560000000000003,4.261,138.248,365.907,985.78,3377.687,3793.938,4129.115,2618.33,3853.245,1714.157,433.786,410.95799999999997,41.798,0.6960000000000002,0.6960000000000002,0.6960000000000002,3,Spring
2023-03-13,0.6960000000000002,0.6960000000000002,0.6960000000000002,15.363,301.302,1117.158,1724.917,1769.933,2052.609,1232.58,884.496,911.235,503.648,279.404,86.761,7.54,3.3359999999999994,3.3359999999999994,3.3359999999999994,3,Spring
2023-03-14,3.3359999999999994,3.3359999999999994,3.3359999999999994,3.7379999999999995,83.31400000000001,130.23399999999998,297.791,309.622,413.755,774.819,1175.701,685.202,256.128,103.209,33.981,6.970999999999999,3.612,3.612,3.612,3,Spring
2023-03-15,3.581857142857143,3.612,3.6077142857142857,2.631,78.315,420.668,689.884,887.093,1568.3020000000001,1295.046,1665.857,2194.299,1246.559,446.31100000000004,263.261,43.654,2.985,2.928,2.928,3,Spring
2023-03-16,2.928,2.928,2.928,9.122,176.44400000000002,890.5920000000001,2085.058,3520.788,2492.297,3794.319,4578.619000000001,3387.095,2044.179,2035.908,698.258,40.394,1.665,1.488,1.488,3,Spring
2023-03-17,1.488,1.488,1.488,16.579,236.649,939.019,1929.142,3164.674,3836.0550000000003,3655.834,3782.112,3593.532,2979.823,1995.7450000000001,509.022,40.266999999999996,3.2880000000000003,3.2880000000000003,3.2880000000000003,3,Spring
2023-03-18,3.2880000000000003,3.2880000000000003,3.2880000000000003,24.227,326.861,1326.355,2147.0480000000002,3194.049,3755.602,3795.774,3366.315,2893.727,2338.335,1246.469,382.37,34.535,2.232,2.232,2.232,3,Spring
2023-03-19,2.232,2.232,2.232,16.043999999999997,348.871,891.249,1459.093,3085.433,3692.329,2603.707,3469.7799999999997,2602.643,2548.179,1407.334,460.62100000000004,40.674,4.552,4.512,4.512,3,Spring
2023-03-20,4.512,4.512,4.512,29.771,481.191,701.554,1327.111,2253.152,2392.523,2865.351,2295.661,2359.836,993.86,620.48,141.74099999999999,20.864,3.5039999999999996,3.5039999999999996,3.5039999999999996,3,Spring
2023-03-21,3.5039999999999996,3.5039999999999996,3.5039999999999996,13.463000000000001,136.368,355.51,673.626,1091.496,789.042,626.148,817.9689999999999,761.168,540.996,379.462,144.704,17.802,2.436,2.436,2.436,3,Spring
2023-03-22,2.436,2.436,2.436,54.139,255.751,911.932,1004.6279999999999,3049.634,2911.252,3053.136,1628.978,729.22,461.138,212.21,73.507,25.12,3.1590000000000003,3.132,3.132,3,Spring
2023-03-23,3.132,3.132,3.132,41.909,256.948,738.173,1530.324,2489.784,2837.458,3652.967,2251.625,1248.217,408.312,149.69,68.422,16.492,2.987,2.7600000000000002,2.7600000000000002,3,Spring
2023-03-24,2.7600000000000002,2.7600000000000002,2.7230000000000003,53.152,446.65599999999995,1099.179,1265.687,1685.615,1955.222,2590.4970000000003,3429.482,1294.375,354.921,250.579,264.838,35.827,2.2439999999999998,2.2439999999999998,2.2439999999999998,3,Spring
2023-03-25,2.2439999999999998,2.2439999999999998,2.2439999999999998,108.27799999999999,690.7620000000001,1277.223,2186.468,3221.176,3735.748,3458.0879999999997,3287.675,2814.325,1637.397,1362.347,832.547,110.9,2.74,1.6320000000000001,1.6320000000000001,3,Spring
2023-03-26,1.6502857142857144,1.6514285714285715,1.544714285714286,22.39142857142857,193.35614285714286,512.862,1293.25,1712.307,1630.278,1538.999,1832.737,2553.191,1770.014,683.966,102.126,62.679,4.725,3.468,3.468,3,Spring
2023-03-27,3.468,3.468,3.296,54.688,511.12,776.737,861.998,1417.866,2450.203,2452.512,1258.5049999999999,1314.065,1403.067,1258.28,512.692,98.262,3.714,1.272,1.272,3,Spring
2023-03-28,1.272,1.272,1.166,77.07900000000001,410.183,794.117,2088.187,3341.788,2045.271,2189.687,1745.444,2856.919,3212.54,930.138,386.86199999999997,197.176,5.986,2.4959999999999996,2.4959999999999996,3,Spring
2023-03-29,2.4959999999999996,2.4959999999999996,2.0979999999999994,69.696,580.9549999999999,1586.399,2597.987,3946.999,4601.389,4896.372,4594.7919999999995,4173.704000000001,3458.3219999999997,2446.04,1206.683,188.674,4.806,1.26,1.26,3,Spring
2023-03-30,1.26,1.26,1.093,24.160999999999998,191.037,604.132,895.9970000000001,2005.2130000000002,3995.839,2509.503,1978.8290000000002,3772.354,1519.7060000000001,751.396,347.054,93.538,5.898999999999999,4.151999999999999,4.151999999999999,3,Spring
2023-03-31,4.151999999999999,4.151999999999999,4.151999999999999,0.378,60.14,104.75500000000001,271.81,183.682,532.8,791.07,1534.848,2002.305,846.0600000000001,856.303,140.951,87.814,5.722999999999999,4.128,4.128,3,Spring
2023-04-01,4.128,4.128,3.1689999999999996,46.638999999999996,220.892,449.694,533.702,756.084,701.373,743.503,595.6469999999999,456.00300000000004,452.69100000000003,328.48699999999997,98.271,24.022,3.804,2.604,2.604,4,Spring
2023-04-02,2.604,2.604,2.213,63.498999999999995,178.083,258.521,342.989,390.028,706.825,1026.781,1169.683,857.237,707.246,398.4,233.131,70.001,7.624,3.3240000000000003,3.3240000000000003,4,Spring
2023-04-03,3.3240000000000003,3.3240000000000003,6.537,119.012,722.412,1970.938,2968.235,4165.312,4838.0560000000005,3828.686,4378.201,1939.2630000000001,1533.7310000000002,743.844,626.8670000000001,148.21699999999998,6.903,3.108,3.108,4,Spring
2023-04-04,3.108,3.108,2.142,41.900999999999996,138.852,1087.06,2235.413,2176.625,1786.549,2253.5989999999997,1067.712,1240.375,595.374,148.18,40.544,10.058,2.1679999999999997,0.252,0.252,4,Spring
2023-04-05,0.252,0.252,0.21000000000000002,14.403,74.749,151.279,213.804,455.87199999999996,2183.001,3529.962,1968.7839999999999,2438.47,1269.338,1453.9209999999998,917.223,221.53,15.869000000000002,3.516,3.516,4,Spring
2023-04-06,3.5094285714285713,3.536142857142857,2.5267142857142857,23.059714285714286,126.117,270.1117142857143,461.798,689.626,842.9649999999999,995.04,871.798,728.857,714.0740000000001,633.163,375.983,221.961,12.256,2.8560000000000003,2.8560000000000003,4,Spring
2023-04-07,2.8560000000000003,2.8560000000000003,5.8389999999999995,112.74799999999999,286.042,764.434,1960.9,2991.885,3701.823,2411.658,2225.776,2226.003,1799.819,1292.4989999999998,543.637,153.98499999999999,11.277999999999999,4.379999999999999,4.379999999999999,4,Spring
2023-04-08,4.379999999999999,4.379999999999999,2.7049999999999996,79.081,407.187,879.878,1557.425,2458.786,3500.5910000000003,2219.065,1688.132,1101.47,2279.556,2039.681,893.63,85.979,6.888,3.228,3.228,4,Spring
2023-04-09,3.228,3.228,5.662,111.229,371.793,926.53,1285.541,1534.447,3113.274,3833.2110000000002,3417.751,3831.45,3184.449,1802.124,1003.249,234.758,12.523,4.164,4.164,4,Spring
2023-04-10,4.164,4.164,18.098,205.91,840.792,1900.889,2893.438,3603.395,4122.215,4389.255,2637.8450000000003,3977.717,3494.244,2551.717,846.245,173.515,14.651,2.916,2.916,4,Spring
2023-04-11,2.916,2.916,22.147,213.296,858.304,1928.821,2949.1639999999998,3719.639,3615.7909999999997,3181.73,4362.437,4372.812,3342.754,1353.673,486.362,164.895,11.661999999999999,3.8759999999999994,3.8759999999999994,4,Spring
2023-04-12,3.8759999999999994,3.8759999999999994,33.575,367.243,1055.999,1671.5629999999999,1758.115,2775.017,2988.7129999999997,2265.684,2040.942,1781.2920000000001,1683.684,1585.418,714.73,129.152,16.567,2.6759999999999997,2.6759999999999997,4,Spring
2023-04-13,2.6759999999999997,2.6759999999999997,25.272,298.485,496.327,375.625,848.726,1284.492,1556.078,1322.669,492.752,467.572,264.57,462.81899999999996,141.29000000000002,40.945,7.558,2.424,2.424,4,Spring
2023-04-14,2.424,2.424,3.8440000000000003,98.831,148.656,400.282,505.58899999999994,1268.781,1576.914,1386.733,1398.9660000000001,1104.108,433.477,282.764,183.204,171.399,17.91,2.076,2.076,4,Spring
2023-04-15,2.076,2.076,1.223,122.702,367.335,889.9399999999999,1175.8400000000001,1419.895,650.238,522.123,732.957,498.166,521.265,471.279,199.43,64.65,11.42,2.232,2.232,4,Spring
2023-04-16,2.232,2.232,9.304,446.987,431.478,433.986,649.571,827.534,1123.296,712.056,756.037,583.472,452.553,392.01500000000004,256.278,64.06700000000001,7.215,1.452,1.452,4,Spring
2023-04-17,1.452,1.4692857142857143,3.127,148.06221428571428,422.80185714285716,761.3882857142856,1857.09,1243.4127142857142,1960.0759999999998,1075.059,425.19100000000003,635.387,2112.529,1515.006,520.6129999999999,297.657,59.246,2.87,2.1719999999999997,4,Spring
2023-04-18,2.1719999999999997,2.1719999999999997,48.804,288.86,1040.463,2151.415,3172.0389999999998,3998.291,1962.9019999999998,4109.259,1781.492,1323.354,742.351,531.8620000000001,599.809,70.245,10.770999999999999,2.196,2.196,4,Spring
2023-04-19,2.196,2.196,0.7320000000000001,57.898,397.99600000000004,1606.383,2813.034,2980.661,4012.201,4369.237,4455.302000000001,3397.955,2742.9230000000002,1341.245,559.087,314.274,60.22,3.8759999999999994,3.3839999999999995,4,Spring
2023-04-20,3.3839999999999995,3.147,57.854,311.255,1020.913,2057.573,3027.974,3773.115,4278.211,4494.984,4307.488,3873.954,3228.4210000000003,2604.252,1512.867,464.274,61.787,4.132999999999999,3.7559999999999993,4,Spring
2023-04-21,3.7559999999999993,3.2619999999999996,62.459,306.598,1132.239,2212.873,3157.7529999999997,3967.663,4382.617,4555.687,4082.9519999999998,3721.588,2746.0769999999998,1983.935,1506.413,412.839,39.792,4.7459999999999996,4.212,4,Spring
2023-04-22,4.212,3.4299999999999997,66.368,336.671,1165.137,2273.08,3213.307,3901.742,4382.332,4932.284,4353.908,4183.219,3630.655,2591.629,1628.328,514.868,56.499,4.031,3.132,4,Spring
2023-04-23,3.132,2.309,73.89,322.464,1179.993,2271.836,3209.2870000000003,3916.6189999999997,4477.0509999999995,4571.359,3855.099,3990.4489999999996,3171.449,2571.406,1524.88,505.528,60.1,4.172000000000001,3.2520000000000002,4,Spring
2023-04-24,3.2520000000000002,2.3240000000000003,85.369,357.48,1187.847,2238.237,3160.77,3648.118,3890.592,3733.24,2324.936,2833.153,3517.62,2723.157,1492.535,503.236,57.615,5.226,4.536,4,Spring
2023-04-25,4.536,3.2579999999999996,82.713,353.767,1216.029,2322.378,3296.572,3000.003,3717.539,2547.132,3732.365,1993.844,1786.404,235.015,207.482,89.78,32.249,3.132,2.5920000000000005,4,Spring
2023-04-26,2.5920000000000005,2.0620000000000003,14.584,94.523,100.535,203.94,308.97900000000004,427.993,498.976,678.867,1040.579,1319.854,567.596,290.845,534.291,369.226,77.862,3.93,3.216,4,Spring
2023-04-27,3.216,2.0460000000000003,106.41199999999999,295.806,1044.314,2363.737,3781.8070000000002,3420.2889999999998,3996.3269999999998,2173.498,2657.818,1328.2669999999998,1537.122,1055.956,1644.772,486.785,91.745,4.423,2.7720000000000002,4,Spring
2023-04-28,2.7720000000000002,5.178,107.472,430.2765714285714,1373.3565714285714,2529.9525714285714,3558.2185714285715,1929.2102857142856,1315.839,1998.9088571428572,3767.2039999999997,1507.044,2271.988,2269.9860000000003,1580.155,614.371,98.508,5.486,2.268,4,Spring
2023-04-29,2.268,2.805,108.927,412.28700000000003,1292.64,2046.001,2965.5389999999998,3898.86,4071.647,3906.576,4066.3379999999997,3965.7690000000002,3562.021,2774.585,1717.646,652.392,90.491,6.369,3.9359999999999995,4,Spring
2023-04-30,3.9359999999999995,2.8009999999999997,80.036,119.766,118.24,259.742,975.827,3606.262,3435.172,4526.882,3702.425,2643.281,3937.198,3080.852,1950.073,720.595,103.982,7.385,3.8879999999999995,4,Spring
2023-05-01,3.8879999999999995,2.88,117.7,412.213,1111.432,2568.781,3533.9,4217.891,4688.974,4960.276,4713.186,4358.261,3602.624,2744.0879999999997,1725.603,691.549,92.041,5.883,2.7960000000000003,5,Spring
2023-05-02,2.7960000000000003,2.6870000000000003,192.793,573.1469999999999,1268.598,1766.0249999999999,2898.627,3411.815,3366.181,2128.922,795.168,640.769,507.351,533.014,1004.083,427.402,71.937,7.505999999999999,2.1,5,Spring
2023-05-03,2.1,9.863,120.682,428.759,1470.582,2653.9739999999997,3602.786,4273.01,4698.347,4869.741,4805.706,4466.301,3815.574,2503.2309999999998,944.654,602.217,132.926,9.434999999999999,3.9119999999999995,5,Spring
2023-05-04,3.9119999999999995,13.693000000000001,119.558,475.969,1496.469,2643.2110000000002,3573.076,4283.658,4818.465,3995.407,3945.3,3197.3469999999998,3571.516,2413.473,1665.383,721.343,91.961,7.061,3.3600000000000003,5,Spring
2023-05-05,3.3600000000000003,15.229000000000001,133.893,497.334,1530.895,2701.0280000000002,3700.73,4219.083,4806.317,4169.559,4133.456,4093.139,3934.5769999999998,2789.442,1915.844,761.9110000000001,123.33200000000001,9.76,3.587999999999999,5,Spring
2023-05-06,3.587999999999999,17.382,142.384,517.164,1597.909,2749.347,3654.462,4355.4439999999995,4822.895,4753.374,4667.236,4007.0040000000004,3476.1730000000002,2386.955,1290.009,603.9010000000001,181.888,12.981,2.952,5,Spring
2023-05-07,2.952,22.912,145.3,536.372,1596.629,2734.739,3652.08,4332.564,4764.351,4880.641,4785.295,4407.822,3772.1200000000003,2919.781,1834.648,748.009,130.244,10.56,3.5279999999999996,5,Spring
2023-05-08,3.5279999999999996,21.265,142.316,541.945,1570.261,2680.271,3579.3450000000003,4241.948,4660.477,4756.072,4655.529,4302.758,3719.735,2887.84,1838.2269999999999,743.428,136.367,11.902,3.4079999999999995,5,Spring
2023-05-09,3.4079999999999995,24.7,150.57,561.513,1575.0284285714285,2640.771642857143,3491.7411428571427,4093.9825714285716,4471.096285714286,4637.830857142857,4474.240714285715,4260.983,3671.076,2871.0389999999998,1872.484,816.206,152.175,16.651,3.912,5,Spring
2023-05-10,3.912,16.311999999999998,151.507,512.734,1501.694,2556.238,3439.819,4187.57,4326.554,4767.822,4357.242,4283.965,3363.4709999999995,2936.148,1868.1799999999998,797.853,140.516,15.892999999999999,3.6719999999999997,5,Spring
2023-05-11,3.6719999999999997,21.561999999999998,144.80599999999998,525.294,1531.086,2604.8940000000002,3506.19,4175.839,4575.217,4749.546,4637.4980000000005,4298.663,3699.917,2750.888,1875.789,804.669,163.458,17.285,3.276,5,Spring
2023-05-12,3.276,24.122999999999998,151.414,536.969,1516.796,2564.954,3461.581,4095.7590000000005,4160.134,4740.271,4794.239,4371.271,3502.37,2913.6240000000003,1879.45,793.722,172.684,18.168,4.643999999999999,5,Spring
2023-05-13,4.643999999999999,7.303,128.486,312.37,844.564,1387.331,3087.933,2664.0389999999998,2585.781,2929.5550000000003,1046.6850000000002,1148.4279999999999,1332.317,919.26,410.296,347.736,159.023,16.118,4.224,5,Spring
2023-05-14,4.224,20.664,224.458,397.699,1182.027,2527.387,3315.308,3979.29,4420.608,2316.353,1363.752,1554.321,774.6039999999999,2470.8849999999998,1090.492,1013.472,243.27599999999998,19.561,3.9359999999999995,5,Spring
2023-05-15,3.9359999999999995,23.948999999999998,245.767,754.869,1513.594,1914.812,2616.8250000000003,3669.154,2637.761,1709.79,2920.157,2000.533,932.573,319.949,252.70600000000002,117.452,44.66,7.018,4.007999999999999,5,Spring
2023-05-16,4.007999999999999,10.272,151.215,370.838,761.438,1319.238,1530.529,2711.9590000000003,1892.03,1841.066,2302.822,2174.6639999999998,1436.0449999999998,582.255,737.399,341.235,148.413,24.291,3.564,5,Spring
2023-05-17,3.564,21.544,144.586,224.143,276.578,421.344,575.411,957.6379999999999,922.333,435.221,599.172,536.22,524.24,295.784,154.72299999999998,161.83,43.25,10.331,2.7600000000000007,5,Spring
2023-05-18,2.5300000000000002,33.63,232.095,589.9739999999999,1508.822,1702.714,2135.353,3223.682,3319.7999999999997,3139.249,3795.8720000000003,3104.437,2360.591,1729.4370000000001,1141.371,595.799,218.783,23.43,3.7560000000000002,5,Spring
2023-05-19,3.443,29.823,210.747,648.5799999999999,1187.243,1915.037,2326.173,1823.433,1903.6550000000002,2760.567,2952.375,2390.298,1963.879,902.987,469.397,644.052,241.59199999999998,27.587999999999997,3.426,5,Spring
2023-05-20,3.2590000000000003,47.116,308.722,711.577,1407.499,2708.877285714286,3052.913357142857,3803.6217142857145,4466.296428571429,4637.145714285714,4560.652,4255.293571428571,3708.7975714285712,2946.48,1966.78,914.483,236.32,34.872,3.592,5,Spring
2023-05-21,2.733,43.348,181.435,622.985,1556.126,2547.802,3456.148,4121.021,4517.198,4731.436,4557.898,4254.3730000000005,3737.103,2938.723,1989.463,920.508,240.286,35.025,4.24,5,Spring
2023-05-22,3.2849999999999997,31.683,282.852,792.703,1619.47,2666.46,3472.173,3766.219,3960.701,4034.591,1696.886,2978.659,3006.092,2876.2,2185.543,1083.008,287.351,41.713,3.594,5,Spring
2023-05-23,2.137,51.198,210.867,624.174,1557.869,2507.683,3331.0789999999997,2238.382,2860.469,3007.813,2474.6549999999997,2467.631,1787.401,2081.242,1754.378,646.506,276.57,49.646,4.651,5,Spring
2023-05-24,3.2079999999999997,56.394000000000005,228.666,690.7449999999999,1475.223,2516.647,3319.664,3147.543,3453.352,3033.224,3023.871,2121.4429999999998,2929.568,2903.421,1821.045,877.475,168.145,34.189,4.981,5,Spring
2023-05-25,3.2359999999999998,69.988,269.315,613.589,1079.343,2325.901,3112.582,3889.056,4022.378,4141.716,4166.173000000001,3410.1079999999997,2063.409,1367.7259999999999,1770.101,706.5939999999999,224.058,31.012,4.558,5,Spring
2023-05-26,3.334,30.934,200.922,319.899,819.277,855.623,2841.937,3866.134,4187.793,4339.33,3127.672,3567.3399999999997,3144.04,2645.051,1743.082,819.579,323.4,51.736000000000004,4.4990000000000006,5,Spring
2023-05-27,2.4250000000000003,68.748,229.343,719.2360000000001,1664.4379999999999,2691.807,3670.336,4300.5019999999995,4596.452,4567.841,4114.237,3774.291,3577.9559999999997,2794.868,1918.757,826.9639999999999,260.734,40.342,4.218,5,Spring
2023-05-28,1.7680000000000002,80.484,244.637,719.101,1689.757,2653.998,3467.644,4059.184,4492.4400000000005,4565.137,4444.857,4121.853,3570.2580000000003,2800.062,1855.884,924.336,275.49,47.921,5.638,5,Spring
2023-05-29,2.843,81.81,275.464,709.053,1656.543,2614.816,3480.477,4097.0560000000005,4445.338,4034.441,3361.6299999999997,3000.929,3317.6780000000003,2339.5370000000003,1746.01,931.3340000000001,269.215,47.436,5.018,5,Spring
2023-05-30,2.0010000000000003,98.61,256.423,727.819,1694.6979999999999,2722.312,3602.959,4198.68,4617.659,4577.059,3328.406,2803.873,2172.306,1301.8709999999999,1527.344,666.862,254.724,48.481,5.4159999999999995,5,Spring
2023-05-31,2.242,80.471,224.667,729.077,1713.21,2777.928,3617.088,4219.041285714286,4558.824142857143,4691.268285714285,4634.138571428572,4305.614142857143,3727.9012857142857,2949.2735714285714,2005.82,991.4739999999999,308.81,57.245,5.914,5,Spring
2023-06-01,2.609,68.106,244.827,677.64,1574.004,2540.992,3333.641,3845.234,4031.916,4412.694,4499.726,3995.213,3509.596,2668.731,1284.844,531.647,220.07999999999998,51.518,5.515,6,Summer
2023-06-02,2.476,41.831,131.305,351.3,406.59499999999997,545.7139999999999,1540.542,2308.688,3753.5429999999997,3315.275,3824.692,3920.337,3391.2439999999997,2712.821,1812.527,885.351,247.001,53.929,5.771,6,Summer
2023-06-03,1.435,78.229,220.206,744.848,1817.333,2447.108,3764.082,3844.261,3896.498,2616.178,4023.612,2868.67,1331.366,813.9649999999999,981.097,698.593,345.534,66.515,6.611999999999999,6,Summer
2023-06-04,2.381,85.747,222.901,733.77,1777.921,2844.103,3598.223,3898.4739999999997,4569.298,4965.673,4206.101,2779.007,2123.437,2307.179,1235.557,889.2570000000001,291.816,52.609,6.042999999999999,6,Summer
2023-06-05,1.7570000000000001,75.719,200.016,719.461,1763.281,2797.235,3608.549,4252.238,4751.608,4513.683,3906.786,4266.071,3648.304,3079.9530000000004,2127.12,1096.408,304.627,61.763,6.733,6,Summer
2023-06-06,1.835,77.801,204.71300000000002,732.356,1769.4859999999999,2764.142,3572.6040000000003,4125.926,4515.145,4649.526,4567.315,4279.171,3771.741,3015.163,2101.761,1085.1290000000001,292.048,54.352000000000004,6.764,6,Summer
2023-06-07,1.841,84.52499999999999,235.81300000000002,731.198,1682.0890000000002,2674.773,3478.016,4069.9860000000003,4439.1720000000005,4558.66,4464.542,4190.179,3677.259,2944.008,2014.207,1016.6379999999999,314.01800000000003,67.131,7.177999999999999,6,Summer
2023-06-08,1.693,84.767,232.06799999999998,733.14,1698.466,2630.732,3376.487,3669.526,3953.596,4570.581,4454.898,4157.742,3646.154,2913.102,1971.709,997.633,312.63800000000003,75.0,6.773999999999999,6,Summer
2023-06-09,1.3980000000000001,87.54899999999999,224.625,737.4069999999999,1717.701,2700.6059999999998,3491.958,4081.055,4449.499,4614.331,4630.435,4324.211,3800.6440000000002,3049.041,2088.307,1058.531,304.63,60.583999999999996,7.045999999999999,6,Summer
2023-06-10,5.898,161.58100000000002,442.394,946.325,1725.31,2674.237,3708.782,4354.523999999999,4764.7660000000005,4918.29,4850.751,4508.1,3909.835,3091.694,2110.831,1079.739,322.676,71.519,7.585,6,Summer
2023-06-11,3.951,97.499,247.184,800.531,1849.129,2872.602,3733.051,4377.63,4743.801571428571,4907.7405714285715,4798.101642857143,4486.627357142857,3939.2464285714286,3162.246857142857,2212.0187142857144,1181.32,359.683,80.467,9.111,6,Summer
2023-06-12,1.7679999999999998,80.95299999999999,206.616,704.829,1706.471,2734.712,3642.781,4291.43,4764.836,4220.265,4372.768,3409.756,2277.9629999999997,1514.3110000000001,791.12,295.176,191.15499999999997,30.447,6.034999999999999,6,Summer
2023-06-13,2.533,89.54899999999999,314.2,638.021,1175.6599999999999,3007.73,3365.346,2935.703,3922.3650000000002,4178.414,4583.126,4438.966,3976.9840000000004,2871.064,2216.949,1207.583,397.34499999999997,89.04599999999999,9.118,6,Summer
2023-06-14,2.372,142.146,374.397,710.21,1113.724,1045.2749999999999,983.494,1479.599,1053.222,1574.333,2691.58,1115.066,965.953,955.877,818.644,677.553,342.665,58.406,6.651,6,Summer
2023-06-15,2.298,123.914,356.891,862.9749999999999,1092.771,1796.403,2221.1639999999998,2376.2619999999997,2271.989,1204.676,633.1770000000001,555.208,584.663,1631.648,930.45,1147.3629999999998,324.759,70.431,8.131,6,Summer
2023-06-16,1.546,70.545,234.917,735.4649999999999,1545.536,1916.597,2842.025,2869.064,3790.1259999999997,3407.54,3369.217,3002.54,2266.2219999999998,1899.259,1478.498,878.3580000000001,187.076,1.826,0.0,6,Summer
2023-06-17,0.0,52.606,109.231,168.964,508.22299999999996,1134.795,1737.388,1768.227,2977.8430000000003,2178.5209999999997,1676.5929999999998,2845.167,302.857,371.701,294.62,295.61,243.339,24.643,6.33,6,Summer
2023-06-18,2.847,89.478,318.552,692.405,1685.345,1910.1560000000002,1450.057,361.428,528.792,1429.25,1110.365,2396.268,2071.2400000000002,1041.044,1070.694,631.97,183.102,88.382,2.7600000000000007,6,Summer
2023-06-19,1.5020000000000002,75.745,163.641,284.334,328.046,1099.357,1088.199,1187.538,2151.851,1869.1499999999999,2871.5389999999998,3519.663,3515.446,2577.084,1795.103,1129.565,335.387,113.425,8.235,6,Summer
2023-06-20,0.955,62.886,315.941,754.613,1633.7469999999998,2616.017,3360.074,3988.118,4417.389,4666.904,4511.755999999999,4175.851,3725.65,2945.3179999999998,2092.156,1088.81,337.728,71.948,8.407,6,Summer
2023-06-21,1.9999999999999998,122.07900000000001,298.659,867.0459999999999,1644.7089999999998,2484.55,3410.465,3272.402,3026.728,3558.349,4304.6720000000005,3520.837,3626.246,2111.7419999999997,899.145,943.034,348.2,76.132,6.826,6,Summer
2023-06-22,0.9009999999999999,176.411,238.417,312.874,228.554,431.497,568.727,931.3399999999999,1305.4830000000002,1133.287142857143,2582.188571428572,3861.6634285714285,3441.7799999999997,2825.010142857143,2031.33,1156.663,410.83299999999997,78.486,9.606,6,Summer
2023-06-23,2.295,73.54,261.056,656.114,777.417,1432.4009999999998,2997.376,3526.7889999999998,4226.993,4293.811,3988.0539999999996,1622.407,1197.178,525.326,601.537,306.742,264.07300000000004,65.327,7.95,6,Summer
2023-06-24,2.489,111.30799999999999,271.045,686.705,1617.47,1881.4479999999999,3016.99,3815.375,4148.595,3947.133,3522.603,3572.584,2969.33,2485.135,2308.626,984.317,315.331,111.57000000000001,9.100999999999999,6,Summer
2023-06-25,1.882,64.975,297.428,790.657,1732.5439999999999,2589.822,3065.641,4097.426,3752.772,4128.637,4246.478,4390.744,3625.047,1628.3129999999999,518.552,403.144,141.90800000000002,198.684,10.273,6,Summer
2023-06-26,1.9730000000000003,87.934,234.625,683.0980000000001,1808.709,2384.3540000000003,2661.211,4032.7470000000003,2818.29,3327.202,4529.344,3084.58,2625.405,1631.654,973.102,710.0550000000001,348.78499999999997,84.871,9.686,6,Summer
2023-06-27,3.329,95.315,271.13,785.6510000000001,1509.146,2543.484,3375.971,3434.7580000000003,2515.231,1006.297,952.265,671.73,1327.297,884.8620000000001,238.05700000000002,138.96699999999998,105.10700000000001,27.115,5.749,6,Summer
2023-06-28,3.187,11.771,84.48,195.07,287.781,649.009,486.985,1448.382,2629.263,1440.857,2892.81,2030.8449999999998,3141.018,3228.042,2180.882,1200.316,413.967,80.361,5.316,6,Summer
2023-06-29,1.5930000000000002,66.767,226.492,742.521,1750.818,2163.748,2913.895,4149.456,3784.4190000000003,2936.555,3550.4990000000003,3048.38,3404.14,2022.791,1011.226,611.623,449.88,166.15,10.418000000000001,6,Summer
2023-06-30,2.298,40.047,214.364,453.884,920.292,1586.876,2220.5860000000002,2805.727,2818.4390000000003,4389.919,4122.43,3713.296,3792.671,3080.098,2035.589,1106.216,356.32599999999996,50.943,7.7749999999999995,6,Summer
2023-07-01,4.302,45.685,253.64,794.082,1291.384,1955.855,2538.6,3214.706,2610.487,2911.401,2928.819,3603.087,3232.095,2691.168,2153.797,1116.751,311.621,89.359,7.048,7,Summer
2023-07-02,1.3760000000000001,30.703,152.847,616.303,959.121,940.136,783.986,1140.223,1911.4080000000001,2218.0969999999998,1403.434,1094.787,1247.533,853.146,2064.216,402.80400000000003,263.588,85.70100000000001,7.38,7,Summer
2023-07-03,1.589,77.59,234.621,713.858,1688.02,2543.329,3124.612,2334.573,3869.442,3810.572,3712.165,3845.044,3609.4734999999996,2846.2017142857144,1281.1177142857143,453.6108571428571,161.50085714285714,54.53228571428571,5.959,7,Summer
2023-07-04,2.484,62.546,226.02599999999998,645.2139999999999,1545.463,2552.104,3407.4719999999998,4071.673,4452.591,4650.571,4601.127,4288.763,3639.989,2975.448,1874.846,865.025,295.345,32.128,7.181,7,Summer
2023-07-05,1.668,71.35,272.006,679.8810000000001,1489.042,2427.226,3387.694,3625.269,4284.995,4436.096,4356.828,3998.9260000000004,3367.181,2632.18,1758.4850000000001,945.746,378.218,93.12,7.4959999999999996,7,Summer
2023-07-06,2.439,90.59700000000001,392.791,873.64,1545.495,2248.323,2845.874,2135.032,598.339,1120.853,839.0550000000001,1149.487,2376.863,1452.723,864.749,589.207,298.302,94.87700000000001,9.84,7,Summer
2023-07-07,2.6149999999999998,61.308,197.443,730.171,1475.702,2632.89,3347.862,3984.4790000000003,3628.263,3273.127,2481.207,3913.526,3897.282,3161.153,1994.484,1207.266,352.656,69.325,8.184,7,Summer
2023-07-08,2.089,62.693,191.001,637.3,1524.96,2622.274,3390.4860000000003,3896.429,3438.051,2762.62,3195.907,2593.677,3970.8520000000003,2986.141,2202.501,1170.3899999999999,337.111,68.083,8.291,7,Summer
2023-07-09,2.5349999999999997,61.143,281.78,640.725,1577.747,2605.613,3497.445,3634.846,3704.573,4240.985,4858.266,4062.982,3496.692,540.025,591.832,458.688,338.267,81.438,7.811999999999999,7,Summer
2023-07-10,3.049,57.467999999999996,179.453,569.8,801.5,1682.382,2619.568,3161.3280000000004,4417.947,2882.588,3680.1,1144.104,2653.933,3014.028,1233.712,1029.039,360.695,46.623,6.702999999999999,7,Summer
2023-07-11,2.2910000000000004,51.852000000000004,366.97,1024.754,1501.306,2499.486,3625.993,4212.319,4396.085999999999,3739.7619999999997,3807.694,3503.658,3563.51,2877.449,1570.365,1154.625,325.44,72.11500000000001,6.954,7,Summer
2023-07-12,2.8529999999999998,71.729,365.751,667.393,1740.503,2614.389,3416.048,4011.059,4379.73,4542.632,4426.932,4271.724,3505.812,2820.564,1030.181,588.432,186.005,40.326,4.037999999999999,7,Summer
2023-07-13,1.454,12.033000000000001,336.623,704.2099999999999,1259.431,1623.685,1940.821,3431.5640000000003,3856.253,2877.851,4221.475,3474.453,3034.94,2196.168,1867.54,821.056,313.127,58.538999999999994,6.29,7,Summer
2023-07-14,3.431,65.072,284.987,683.978,1313.573,2161.2740000000003,2576.0679999999998,3862.245,4156.504,2329.567,2742.2349999999997,2283.347,1774.1065714285714,1989.4622857142858,1791.0615714285714,1140.3321428571428,321.98785714285714,68.696,6.8342857142857145,7,Summer
2023-07-15,2.7430000000000003,71.849,311.817,684.533,1459.432,1623.845,2933.145,3856.459,3552.6569999999997,4301.465,3948.3869999999997,2710.509,3618.4970000000003,2660.188,2032.295,1059.093,314.131,74.792,5.9799999999999995,7,Summer
2023-07-16,3.377,32.906,180.992,553.111,1384.804,2382.712,3185.9750000000004,3763.3329999999996,4082.502,4351.864,4366.339,3902.304,2513.258,2196.2309999999998,937.4269999999999,92.35199999999999,241.773,89.866,5.0649999999999995,7,Summer
2023-07-17,2.638,41.785,182.58499999999998,545.612,1449.222,2409.505,3249.7580000000003,3752.363,4001.162,3779.092,3724.5440000000003,4005.7850000000003,2585.212,1476.229,1781.86,1203.121,319.943,73.012,5.635,7,Summer
2023-07-18,3.7439999999999998,12.270999999999999,76.507,426.57,590.188,504.525,2405.405,3315.1,4073.079,2338.205,2947.947,3699.2549999999997,3466.508,2714.768,2119.817,669.517,321.76,59.117000000000004,4.718,7,Summer
2023-07-19,1.465,42.164,168.98399999999998,565.524,1638.726,2171.441,2831.901,2092.859,2686.221,2608.647,2758.112,1471.491,736.5609999999999,1072.847,740.843,490.01800000000003,264.796,39.592,3.519,7,Summer
2023-07-20,2.111,31.573999999999998,161.667,573.974,1376.646,2312.504,2257.558,2296.965,3372.805,3229.491,2515.307,1813.969,2303.638,3024.457,1567.688,1154.4650000000001,294.242,66.825,5.9479999999999995,7,Summer
2023-07-21,4.542,34.903,171.86,502.48400000000004,1625.43,2562.8830000000003,2800.371,3516.635,3915.7029999999995,3266.126,3353.385,4423.759,3169.411,2486.0009999999997,1719.819,985.8919999999999,347.534,54.166,4.827,7,Summer
2023-07-22,3.1610000000000005,41.765,169.227,676.892,915.289,557.235,1097.797,1602.051,1371.57,839.659,1156.91,1598.518,1649.873,2781.446,1697.399,856.343,307.524,53.367000000000004,4.556,7,Summer
2023-07-23,2.986,31.113999999999997,185.359,538.9159999999999,1430.583,2078.667,3167.427,3412.933,1805.665,1192.379,1667.565,1324.185,821.5120000000001,300.73900000000003,277.642,154.005,55.216,12.177,4.459,7,Summer
2023-07-24,4.236,12.419,134.186,260.246,830.812,2021.062,2500.3109999999997,2976.86,2208.296,1864.9479999999999,2770.804,2935.892,1646.395,1256.2839999999999,664.8249999999999,367.135,200.192,37.367999999999995,4.902,7,Summer
2023-07-25,4.416,1.496,156.999,571.068,1071.78,2307.463,2992.226,3329.3830000000003,3745.395,3151.313,2995.03,2826.991,2368.513,2383.549,1396.5487142857144,660.1931428571429,256.6145714285714,40.5535,3.927857142857143,7,Summer
2023-07-26,3.192,2.618,126.077,462.427,1078.392,2095.059,2933.154,3457.685,2127.819,2922.46,2864.068,1784.528,1981.7169999999999,1648.103,855.0360000000001,382.37,188.255,22.519,4.675,7,Summer
2023-07-27,4.176,2.044,44.51,416.7,438.026,517.072,854.303,1404.862,2268.2309999999998,1187.29,2108.538,516.625,2899.712,1207.5339999999999,616.422,1081.137,307.312,39.309,4.011,7,Summer
2023-07-28,3.2880000000000003,17.296,135.667,446.755,1341.346,2388.163,3277.164,3963.3720000000003,4460.586,3463.34,3413.848,1133.796,643.891,548.898,472.564,231.368,80.578,21.18,3.4379999999999997,7,Summer
2023-07-29,3.3839999999999995,7.314,144.322,261.527,798.022,2014.912,2581.091,3428.984,3705.832,3852.364,4877.346,4273.16,2519.579,2364.089,1531.197,768.005,184.85399999999998,32.983,4.396999999999999,7,Summer
2023-07-30,4.212,9.587,26.284,188.693,388.91700000000003,772.269,1202.265,1403.2630000000001,1788.751,2612.479,2261.943,2352.257,1793.361,1831.1209999999999,1452.0919999999999,802.0,157.948,26.205000000000002,2.943,7,Summer
2023-07-31,2.7960000000000003,12.012,172.31900000000002,327.728,402.439,193.856,2472.148,3121.07,3818.6549999999997,2280.209,2180.9089999999997,3357.016,2994.216,2171.6440000000002,1990.97,893.684,228.888,26.549,5.044,7,Summer
2023-08-01,5.04,5.888,137.688,354.983,1097.391,1829.972,2485.466,2713.893,3045.813,1723.183,1863.828,1702.85,1254.161,673.791,268.582,245.40699999999998,126.211,13.402,1.884,8,Summer
2023-08-02,1.884,0.783,73.595,353.848,516.82,669.582,1419.529,3189.854,3325.314,3523.332,4658.902,3746.546,3118.7980000000002,2615.613,1583.0439999999999,377.51800000000003,185.642,19.208,1.896,8,Summer
2023-08-03,1.896,2.9059999999999997,129.395,527.161,565.1220000000001,492.49,1048.142,1469.717,2094.363,1498.504,1002.143,592.227,442.789,270.957,1084.406,864.487,164.111,15.822000000000001,2.532,8,Summer
2023-08-04,2.532,6.537,110.866,387.576,1286.566,2356.08,3250.29,4049.9990000000003,3353.301,4076.8050000000003,4397.791,3733.232,1886.595,1954.251,1159.097,413.068,141.767,14.449,4.643999999999999,8,Summer
2023-08-05,4.643999999999999,5.637,110.231,450.017,1373.024,2200.085,3080.5879999999997,3542.81,3091.155,1031.358,391.393,163.49099999999999,344.352,350.222,248.726,150.64128571428571,85.59171428571429,6.778928571428572,2.8502857142857145,8,Summer
2023-08-06,2.7840000000000003,1.573,103.33699999999999,354.506,1119.117,2118.793,2996.212,3586.735,4092.424,4302.922,4137.306,3572.4719999999998,2747.7110000000002,1774.9309999999998,469.503,852.89,78.835,11.22,5.459999999999999,8,Summer
2023-08-07,5.459999999999999,2.7379999999999995,60.223,97.949,47.818,77.037,231.56300000000002,62.749,384.951,555.867,546.343,351.004,326.098,191.204,260.126,204.297,56.715999999999994,6.701,3.7560000000000002,8,Summer
2023-08-08,3.7560000000000002,2.794,57.736000000000004,426.981,1212.354,1615.771,2835.797,2103.225,2868.306,3201.544,2583.09,1684.443,2493.2509999999997,1716.0330000000001,1365.882,516.3969999999999,152.8,14.338,3.6839999999999993,8,Summer
2023-08-09,3.6839999999999993,2.6179999999999994,101.622,588.274,429.186,776.43,1133.389,2850.46,3047.442,4362.993,3840.706,3361.45,1769.365,1121.56,745.42,405.318,148.053,0.0,0.0,8,Summer
2023-08-10,0.0,0.0,125.243,425.714,943.1360000000001,1931.384,2931.878,3211.869,2078.456,3454.4100000000003,3540.1,1984.412,2978.126,2807.859,1851.9759999999999,729.279,86.921,8.79,4.055999999999999,8,Summer
2023-08-11,4.055999999999999,2.8909999999999996,24.375,319.99,678.463,2226.573,3099.298,3356.4610000000002,3989.3689999999997,3810.7599999999998,3584.335,3472.159,3082.5029999999997,1296.341,1016.577,628.3870000000001,101.094,8.058,3.12,8,Summer
2023-08-12,3.12,1.873,91.78999999999999,347.873,1177.224,2262.404,3171.165,3932.2960000000003,4312.445000000001,3822.625,3348.05,3815.3,3510.438,2717.072,1727.448,710.835,119.89,8.175,3.2520000000000002,8,Summer
2023-08-13,3.2520000000000002,2.41,109.34100000000001,454.949,895.455,1184.698,2526.086,2089.226,3075.202,2974.757,3430.283,3012.029,2909.151,1974.602,1449.699,421.874,112.966,7.103,4.055999999999999,8,Summer
2023-08-14,4.055999999999999,2.6239999999999997,66.287,240.506,989.125,2112.507,3164.848,3814.0950000000003,4196.031,4375.54,4240.161,3922.172,3359.447,2568.267,1585.412,610.838,76.253,6.539,2.7720000000000002,8,Summer
2023-08-15,2.7720000000000002,1.98,81.80600000000001,428.235,1245.0819999999999,799.886,1506.682,3186.546,4111.351000000001,4002.313,3906.801,3636.565,3178.206,2373.765,1432.349,549.25,82.912,6.076,3.132,8,Summer
2023-08-16,3.132,2.341,68.727,305.256,1064.908,2042.638,2895.91,3574.857,4007.506,4143.424,3028.465,3341.631,3024.857,2272.817,1551.196,364.7975714285714,68.392,5.304142857142857,2.5440000000000005,8,Summer
2023-08-17,2.5920000000000005,2.2190000000000003,50.85,320.49,733.237,981.884,2571.437,3354.078,3769.932,3678.868,3103.801,2548.134,1886.509,445.95099999999996,771.802,430.86,59.48,5.068,2.7720000000000002,8,Summer
2023-08-18,2.7720000000000002,2.287,79.932,333.646,957.6,1951.931,2688.839,3535.887,3955.157,4140.3330000000005,4096.838,3785.657,3198.911,2314.703,1485.1660000000002,530.293,73.664,5.052,3.072,8,Summer
2023-08-19,3.072,2.685,42.821,357.351,744.41,1318.938,1550.557,2860.5209999999997,1911.246,1611.6419999999998,1029.601,1137.781,2475.043,1572.738,679.436,735.0260000000001,85.509,4.0569999999999995,2.2439999999999998,8,Summer
2023-08-20,2.2439999999999998,2.204,19.486,250.974,943.115,1778.94,2622.595,3262.75,3684.88,3844.6980000000003,4090.289,1219.153,2241.408,1619.424,1441.88,491.577,62.842999999999996,4.226,2.9640000000000004,8,Summer
2023-08-21,2.9640000000000004,2.9270000000000005,27.567,176.789,292.869,350.97,395.224,1128.429,400.371,1266.328,3167.82,3424.359,3125.8109999999997,1780.68,1220.692,526.45,62.096000000000004,5.5009999999999994,4.752,8,Summer
2023-08-22,4.752,4.609,48.929,276.118,420.313,773.86,1732.064,2744.269,2275.859,2444.191,2518.7110000000002,3361.44,1955.673,1209.232,1016.863,469.286,53.71,4.106999999999999,3.3119999999999994,8,Summer
2023-08-23,3.3119999999999994,3.268,32.08,275.448,781.381,1568.954,2796.238,3060.1639999999998,3177.449,4376.755,3328.781,2476.605,2937.245,2580.191,1327.555,401.37699999999995,45.224,4.813999999999999,4.608,8,Summer
2023-08-24,4.608,4.608,0.41600000000000004,40.349999999999994,201.252,198.402,1004.1769999999999,2096.683,3055.157,2929.885,2950.335,2840.5370000000003,898.17,1281.1779999999999,1142.883,422.19399999999996,48.068999999999996,2.821,2.4960000000000004,8,Summer
2023-08-25,2.4960000000000004,2.4960000000000004,22.185000000000002,257.233,914.083,1612.433,2683.794,3149.196,3386.854,3075.823,3324.743,1368.624,622.455,671.126,776.397,146.907,16.448999999999998,2.628,2.628,8,Summer
2023-08-26,2.628,2.628,41.459,165.737,510.855,687.419,1152.691,3420.311,3761.018,3926.032,3902.246,3089.373,1697.598,737.114,332.926,93.279,26.155,3.3600000000000003,3.3600000000000003,8,Summer
2023-08-27,3.3600000000000003,3.3600000000000003,25.93,285.21799999999996,803.965,994.064,947.858,1932.467,3264.337,3428.208,2340.391,3025.757,1819.201,1736.889,899.0889999999999,57.352,9.103,4.415857142857142,4.455857142857142,8,Summer
2023-08-28,4.451999999999999,4.451999999999999,7.907,87.864,442.862,425.755,470.476,882.494,1385.973,2225.25,2406.707,2807.102,2525.651,1344.536,1269.9930000000002,349.071,33.007,4.236,4.236,8,Summer
2023-08-29,4.236,4.236,15.445,110.82499999999999,66.866,402.553,489.53799999999995,581.753,1849.866,3883.332,3684.114,3624.486,3068.102,1707.577,1158.87,346.405,28.427999999999997,4.56,4.56,8,Summer
2023-08-30,4.56,4.56,16.836,319.226,722.215,1826.405,2698.9410000000003,2729.402,2515.62,1891.268,2998.785,3637.197,2778.079,1159.48,299.211,137.204,18.138,4.103999999999999,4.103999999999999,8,Summer
2023-08-31,4.103999999999999,4.103999999999999,2.171,141.45,396.092,427.753,1134.529,329.147,1329.157,931.73,1352.212,959.236,1015.4979999999999,1198.671,269.81,89.15899999999999,12.213,2.7720000000000002,2.7720000000000002,8,Summer
2023-09-01,2.7720000000000002,2.7720000000000002,20.692999999999998,203.885,876.399,1830.191,2571.709,3679.0739999999996,3911.839,3171.321,3054.032,3081.216,2051.396,1613.664,538.9449999999999,194.056,13.385,4.1160000000000005,4.1160000000000005,9,Autumn
2023-09-02,4.1160000000000005,4.1160000000000005,19.532,186.927,831.939,1889.873,2844.222,3481.875,3399.0739999999996,3524.547,2803.4590000000003,2335.344,1696.058,1408.142,321.474,281.519,14.168999999999999,4.116,4.116,9,Autumn
2023-09-03,4.116,4.116,16.96,190.604,845.7,1856.743,2764.854,3449.2110000000002,4065.882,1914.02,2657.694,1719.665,2031.748,1695.029,1113.563,251.225,10.937999999999999,4.332,4.332,9,Autumn
2023-09-04,4.332,4.332,15.350999999999999,246.942,546.699,1402.4279999999999,2238.08,2439.786,3559.5499999999997,2883.0299999999997,4092.732,3384.67,2257.133,1918.69,708.322,261.205,11.859,4.5,4.5,9,Autumn
2023-09-05,4.5,4.5,2.504,78.132,533.152,1009.3,1880.043,2558.1780000000003,3996.143,3960.8360000000002,2235.263,982.0550000000001,748.97,1008.4639999999999,719.243,241.77100000000002,10.122,2.604,2.604,9,Autumn
2023-09-06,2.604,2.604,11.785,180.286,807.615,1810.019,2753.321,3059.347,3460.181,3346.1130000000003,3692.118,1855.259,2277.634,709.985,480.968,201.734,9.956999999999999,4.08,4.08,9,Autumn
2023-09-07,4.08,4.08,19.667,210.666,759.6,1639.469,2774.725,3459.885,3762.686,4058.294,3923.525,3567.98,2921.846,2044.5249999999999,954.7900000000001,186.745,7.484999999999999,3.9119999999999995,3.8897142857142852,9,Autumn
2023-09-08,3.9139999999999997,3.9119999999999995,8.643,116.63399999999999,780.8810000000001,1494.477,2514.105,3314.563,3707.6499999999996,3883.33,3823.605,3322.769,2692.628,1825.604,884.6909999999999,145.163,7.218,3.2520000000000002,3.2520000000000002,9,Autumn
2023-09-09,3.2520000000000002,3.2520000000000002,4.438000000000001,188.424,587.179,1886.035,2362.705,3042.845,3427.929,3579.309,3256.232,3336.824,2485.871,1309.374,712.057,118.315,5.575,2.868,2.868,9,Autumn
2023-09-10,2.868,2.868,4.599,245.836,447.544,1370.419,1207.522,2141.734,3469.355,3829.861,3695.906,3420.499,2718.214,1667.372,615.477,202.476,6.14,2.7720000000000002,2.7720000000000002,9,Autumn
2023-09-11,2.7720000000000002,2.7720000000000002,1.657,158.05700000000002,722.696,1300.401,2341.112,3089.388,3537.622,3682.555,3117.833,2929.063,2590.964,1296.676,462.69500000000005,107.704,5.521,4.128,4.128,9,Autumn
2023-09-12,4.128,4.128,2.754,132.666,551.802,1322.189,1924.541,2831.1130000000003,3092.777,3604.021,3179.3940000000002,2419.774,1263.732,1501.0990000000002,692.932,95.654,4.563,3.168,3.168,9,Autumn
2023-09-13,3.168,3.168,1.929,122.581,526.057,1408.81,2217.861,2988.045,3119.056,3550.38,2793.603,2302.543,1892.5819999999999,1039.293,596.833,51.467,3.7859999999999996,2.808,2.808,9,Autumn
2023-09-14,2.808,2.808,2.545,97.307,55.147,380.823,534.478,1222.447,924.334,1021.238,1660.903,1102.756,440.88,341.264,290.84,76.79,4.51,3.8759999999999994,3.8759999999999994,9,Autumn
2023-09-15,3.8759999999999994,3.8759999999999994,3.344,118.743,692.893,1759.268,2739.488,3465.563,3106.628,3782.359,3065.118,3194.42,2855.782,1915.366,804.1519999999999,90.362,5.0649999999999995,4.259999999999999,4.259999999999999,9,Autumn
2023-09-16,4.259999999999999,4.259999999999999,2.6839999999999993,101.721,663.057,1714.78,2688.432,3438.249,3874.612,4017.5840000000003,3900.573,3487.237,2793.484,1844.019,749.496,69.284,3.5260000000000002,2.7840000000000003,2.7840000000000003,9,Autumn
2023-09-17,2.7840000000000003,2.7840000000000003,1.7630000000000001,110.218,644.201,1629.5990000000002,2578.994,3307.43,3792.274,3962.8849999999998,3797.2380000000003,3326.719,2616.638,1672.625,621.9350000000001,54.18,3.4530000000000003,3.2520000000000002,3.2520000000000002,9,Autumn
2023-09-18,3.2520000000000002,3.2520000000000002,2.4000000000000004,89.374,563.237,1478.569,2259.939,1976.8719999999998,1806.031,3001.548,2214.324,2269.6420000000003,1466.398,599.958,293.878,29.129,4.464,4.464,4.464,9,Autumn
2023-09-19,4.466857142857143,4.474857142857143,3.657,114.144,355.57099999999997,1114.669,2218.249,2134.7619999999997,2464.195,2644.464,1959.423,533.113,198.466,203.4,74.342,22.194,4.247999999999999,4.247999999999999,4.247999999999999,9,Autumn
2023-09-20,4.247999999999999,4.247999999999999,3.7209999999999996,73.532,463.404,1387.591,2506.766,3245.245,3742.668,3862.201,3342.228,2621.669,2006.279,1068.558,480.907,52.736999999999995,4.1579999999999995,4.116,4.116,9,Autumn
2023-09-21,4.116,4.116,3.5239999999999996,69.357,522.66,1488.612,2444.79,3171.713,3623.2200000000003,3767.754,3646.237,3239.537,2545.584,1622.701,582.38,36.797,4.343999999999999,4.343999999999999,4.343999999999999,9,Autumn
2023-09-22,4.343999999999999,4.343999999999999,3.598,60.760999999999996,508.447,1464.4470000000001,2428.15,3137.366,3532.1459999999997,3676.1620000000003,3552.246,3073.147,2267.063,1423.919,267.386,27.086,2.136,2.136,2.136,9,Autumn
2023-09-23,2.136,2.136,2.097,69.004,365.263,501.322,931.694,1363.228,633.302,1270.752,2058.063,1090.537,602.25,280.477,75.484,5.419,2.6400000000000006,2.6400000000000006,2.6400000000000006,9,Autumn
2023-09-24,2.6400000000000006,2.6400000000000006,2.5620000000000003,33.260000000000005,178.12800000000001,470.552,921.311,2415.139,2055.4629999999997,2855.197,2310.088,2095.777,2208.817,1146.098,303.775,21.496,3.8999999999999995,3.8999999999999995,3.8999999999999995,9,Autumn
2023-09-25,3.8999999999999995,3.8999999999999995,3.8999999999999995,63.319,497.688,1500.394,2487.501,3228.233,3655.438,3761.306,3593.645,3208.281,2472.319,1460.913,402.137,17.618,3.6719999999999993,3.6719999999999993,3.6719999999999993,9,Autumn
2023-09-26,3.6719999999999993,3.6719999999999993,3.4049999999999994,77.75,526.25,853.921,1551.934,2921.021,3265.755,3482.319,3337.273,2834.784,2157.687,1244.145,289.837,14.263,3.12,3.12,3.12,9,Autumn
2023-09-27,3.12,3.12,3.12,58.614,447.382,1231.408,2117.296,2812.78,3238.545,3391.6389999999997,3226.094,2768.3360000000002,2048.701,1102.258,266.146,11.662,3.5279999999999996,3.5279999999999996,3.5279999999999996,9,Autumn
2023-09-28,3.5279999999999996,3.5279999999999996,3.5279999999999996,52.483999999999995,446.629,1251.182,2147.979,2835.174,3266.4849999999997,3447.659,3308.895,2881.1949999999997,2192.629,1222.489,261.11400000000003,10.197,2.7720000000000002,2.7720000000000002,2.7720000000000002,9,Autumn
2023-09-29,2.7720000000000002,2.7720000000000002,2.7720000000000002,49.361999999999995,458.68399999999997,1303.401,2230.5950000000003,2913.877,3332.92,3410.254,3290.032,2848.984,2089.241,1074.99,160.419,7.443,4.5120000000000005,4.5120000000000005,4.5120000000000005,9,Autumn
2023-09-30,4.492571428571429,4.52,4.521142857142857,3.053,100.263,233.47899999999998,414.366,1101.8690000000001,888.842,624.481,208.559,317.001,840.23,957.484,219.643,9.199,3.7560000000000002,3.7560000000000002,3.7560000000000002,9,Autumn
2023-10-01,3.7560000000000002,3.7560000000000002,3.7560000000000002,20.962999999999997,218.827,853.511,1067.878,996.4970000000001,1134.141,1853.5819999999999,2783.117,1622.471,754.852,355.725,66.969,6.864999999999999,4.092,4.092,4.092,10,Autumn
2023-10-02,4.092,4.092,4.092,38.096,348.959,993.221,2001.637,2840.465,1628.295,2673.739,1940.9,880.046,151.083,186.288,51.82,5.279999999999999,3.144,3.144,3.144,10,Autumn
2023-10-03,3.144,3.144,3.144,1.3760000000000001,75.53,240.441,1363.464,2704.089,2961.404,3368.015,3214.348,2403.807,1391.725,445.56,113.031,4.325,1.8960000000000004,1.8960000000000004,1.8960000000000004,10,Autumn
2023-10-04,1.8960000000000004,1.8960000000000004,1.8960000000000004,19.099000000000004,290.669,722.919,1071.0729999999999,1289.995,1510.233,1040.143,1705.906,1122.277,687.409,383.596,92.12700000000001,4.765000000000001,3.3720000000000003,3.3720000000000003,3.3720000000000003,10,Autumn
2023-10-05,3.3720000000000003,3.3720000000000003,3.3720000000000003,24.424,183.34,414.22,1285.582,1418.827,935.313,733.11,377.427,316.648,338.08,524.956,101.508,5.271,4.08,4.08,4.08,10,Autumn
2023-10-06,4.08,4.08,4.08,24.46,366.89,1284.599,2316.204,3042.6130000000003,2542.182,3094.267,2962.626,1779.262,810.768,264.798,38.334,4.052,3.575999999999999,3.575999999999999,3.575999999999999,10,Autumn
2023-10-07,3.575999999999999,3.575999999999999,3.575999999999999,2.018,24.781999999999996,237.703,801.8240000000001,974.5889999999999,989.451,1873.0449999999998,1952.625,1083.839,1132.705,579.275,61.455999999999996,4.872,4.332,4.332,4.332,10,Autumn
2023-10-08,4.332,4.332,4.332,21.001,337.53000000000003,1221.581,2243.976,2716.128,3004.19,1526.31,2323.507,2857.295,654.969,683.187,93.976,2.745,1.6800000000000002,1.6800000000000002,1.6800000000000002,10,Autumn
2023-10-09,1.6800000000000002,1.6800000000000002,1.6800000000000002,11.982,248.661,766.04,1099.189,1523.5339999999999,999.452,2347.143,1637.239,1807.944,1637.076,510.782,57.483,1.7999999999999998,1.212,1.212,1.212,10,Autumn
2023-10-10,1.212,1.212,1.212,13.5,223.87199999999999,1192.338,2113.322,2645.02,3044.827,2651.472,2188.9429999999998,2851.8990000000003,1567.099,403.717,58.482,3.9769999999999994,3.7439999999999993,3.7439999999999993,3.7439999999999993,10,Autumn
2023-10-11,3.750857142857142,3.7142857142857135,3.742857142857142,3.9669999999999996,117.588,285.028,511.335,918.473,1157.048,914.545,1168.828,874.1279999999999,562.64,157.036,26.755000000000003,2.9040000000000004,2.7,2.7,2.7,10,Autumn
2023-10-12,2.7,2.7,2.7,2.1090000000000004,48.437,173.074,222.928,379.02599999999995,1365.41,1126.8220000000001,1297.524,1836.266,1103.743,678.746,60.916,3.6450000000000005,3.3960000000000004,3.3960000000000004,3.3960000000000004,10,Autumn
2023-10-13,3.3960000000000004,3.3960000000000004,3.3960000000000004,1.8200000000000003,114.57000000000001,730.382,1658.28,2731.578,2941.516,3325.9010000000003,2832.952,2734.718,1796.782,450.341,34.378,4.523999999999999,4.523999999999999,4.523999999999999,4.523999999999999,10,Autumn
2023-10-14,4.523999999999999,4.523999999999999,4.523999999999999,3.4639999999999995,102.506,739.425,1980.4180000000001,1426.4850000000001,1045.385,384.563,1002.423,559.74,23.88,64.211,20.224,2.34,2.34,2.34,2.34,10,Autumn
2023-10-15,2.34,2.34,2.34,2.5780000000000003,208.686,1019.658,2025.4950000000001,2424.712,2757.166,2207.239,1769.829,1599.619,1300.254,535.27,45.174,3.0,3.0,3.0,3.0,10,Autumn
2023-10-16,3.0,3.0,3.0,4.1530000000000005,202.625,897.896,1148.528,1848.122,2172.092,2005.7900000000002,1522.5919999999999,2406.593,2013.8529999999998,533.006,36.141,3.527999999999999,3.527999999999999,3.527999999999999,3.527999999999999,10,Autumn
2023-10-17,3.527999999999999,3.527999999999999,3.527999999999999,4.280999999999999,234.612,743.316,1472.0,1829.917,2530.153,2718.359,2031.046,1952.77,427.38800000000003,106.758,13.779,1.92,1.92,1.92,1.92,10,Autumn
2023-10-18,1.92,1.92,1.92,1.555,21.167,107.107,297.611,779.437,1302.528,1997.9350000000002,2138.308,2291.283,509.768,214.053,19.829,3.2640000000000002,3.2640000000000002,3.2640000000000002,3.2640000000000002,10,Autumn
2023-10-19,3.2640000000000002,3.2640000000000002,3.2640000000000002,2.2710000000000004,105.62100000000001,569.038,1093.48,2062.128,2312.469,2017.568,1275.491,784.2489999999999,484.855,199.069,9.913,2.292,2.292,2.292,2.292,10,Autumn
2023-10-20,2.292,2.292,2.292,2.215,17.983,126.69200000000001,106.61500000000001,219.368,462.948,344.891,255.465,164.591,96.871,42.174,6.068999999999999,4.08,4.08,4.08,4.08,10,Autumn
2023-10-21,4.08,4.08,4.08,3.9619999999999997,41.576,112.127,169.728,175.887,105.63,125.197,113.398,114.146,50.779,32.088,4.397,3.468,3.468,3.468,3.468,10,Autumn
2023-10-22,3.485285714285714,3.4898571428571428,3.4829999999999997,3.257285714285714,41.49585714285714,145.79771428571428,247.206,283.03999999999996,237.774,385.14,293.517,156.378,71.685,17.669,5.579,3.9119999999999995,3.9119999999999995,3.9119999999999995,3.9119999999999995,10,Autumn
2023-10-23,3.9119999999999995,3.9119999999999995,3.9119999999999995,3.9119999999999995,8.562999999999999,112.293,195.007,415.692,416.412,358.329,231.263,297.36199999999997,207.816,104.151,13.507,3.06,3.06,3.06,3.06,10,Autumn
2023-10-24,3.06,3.06,3.06,2.805,70.59700000000001,380.205,677.671,882.124,637.981,1289.566,567.252,844.699,773.838,146.714,8.536,3.3600000000000003,3.3600000000000003,3.3600000000000003,3.3600000000000003,10,Autumn
2023-10-25,3.3600000000000003,3.3600000000000003,3.3600000000000003,3.3600000000000003,40.812,178.85,328.048,382.577,288.97,239.441,282.87399999999997,162.04,62.484,15.866999999999999,3.846,3.072,3.072,3.072,3.072,10,Autumn
2023-10-26,3.072,3.072,3.072,3.072,10.91,117.027,178.829,291.21700000000004,553.399,373.92,268.517,264.112,131.573,45.211,4.218,1.992,1.992,1.992,1.992,10,Autumn
2023-10-27,1.992,1.992,1.992,1.992,19.990000000000002,193.67899999999997,510.99299999999994,378.62699999999995,537.168,475.873,363.903,276.286,149.494,19.71,4.181,2.5440000000000005,2.5440000000000005,2.5440000000000005,2.5440000000000005,10,Autumn
2023-10-28,2.5440000000000005,2.5440000000000005,2.5440000000000005,2.5440000000000005,3.392,70.595,157.746,283.054,329.89099999999996,287.966,307.05400000000003,178.406,71.126,23.77,3.6390000000000002,2.2439999999999998,2.2439999999999998,2.2439999999999998,2.2439999999999998,10,Autumn
2023-10-29,2.2439999999999998,2.2439999999999998,2.2439999999999998,2.183,37.802,347.098,1250.443,1846.988,2327.057,1856.278,924.927,406.02,172.792,34.182,2.895,1.7160000000000002,1.7160000000000002,1.7160000000000002,1.7160000000000002,10,Autumn
2023-10-30,1.7160000000000002,1.7160000000000002,1.7160000000000002,1.7160000000000002,3.5730000000000004,271.538,1200.353,2259.479,2373.512,1816.007,925.6410000000001,1382.3700000000001,631.817,80.964,5.139,3.2640000000000002,3.2640000000000002,3.2640000000000002,3.2640000000000002,10,Autumn
2023-10-31,3.2640000000000002,3.2640000000000002,3.2640000000000002,3.2640000000000002,5.026,61.121,147.227,337.317,530.678,539.709,343.01300000000003,218.018,499.839,56.733,2.931,1.8600000000000003,1.8600000000000003,1.8600000000000003,1.8600000000000003,10,Autumn
2023-11-01,1.8600000000000003,1.8600000000000003,1.8600000000000003,1.8600000000000003,1.2460000000000002,66.346,194.905,319.12,387.434,359.683,330.824,197.353,81.34,25.558999999999997,3.541,3.024,3.024,3.024,3.024,11,Autumn
2023-11-02,3.017714285714286,3.036,3.057142857142857,3.0371428571428574,37.40457142857143,569.7760000000001,1437.411,2211.441,2577.211,2577.6690000000003,2625.916,1947.814,732.908,101.108,5.075,3.3840000000000003,3.3840000000000003,3.3840000000000003,3.3840000000000003,11,Autumn
2023-11-03,3.3840000000000003,3.3840000000000003,3.3840000000000003,3.3840000000000003,35.705,215.70800000000003,480.8,871.19,1065.66,2581.469,1568.254,955.237,406.271,77.54299999999999,3.896,2.8560000000000003,2.8560000000000003,2.8560000000000003,2.8560000000000003,11,Autumn
2023-11-04,2.8560000000000003,2.8560000000000003,2.8560000000000003,2.8560000000000003,11.495999999999999,75.55000000000001,359.041,369.896,499.79499999999996,1694.6570000000002,591.1940000000001,1374.45,176.038,23.943,3.058,2.484,2.484,2.484,2.484,11,Autumn
2023-11-05,2.484,2.484,2.484,2.484,26.298000000000002,105.326,151.707,449.683,421.064,484.361,372.08299999999997,382.445,199.274,44.124,4.185,3.7799999999999994,3.7799999999999994,3.7799999999999994,3.7799999999999994,11,Autumn
2023-11-06,3.7799999999999994,3.7799999999999994,3.7799999999999994,3.7799999999999994,1.7709999999999997,47.038,122.27000000000001,281.367,362.54400000000004,476.874,435.163,306.256,121.831,20.394,2.935,2.388,2.388,2.388,2.388,11,Autumn
2023-11-07,2.388,2.388,2.388,2.388,14.059999999999999,288.669,548.162,870.319,2032.8220000000001,2016.3960000000002,770.23,367.157,190.443,22.812,3.004,2.364,2.364,2.364,2.364,11,Autumn
2023-11-08,2.364,2.364,2.364,2.364,2.275,153.546,465.198,713.514,475.28599999999994,887.652,981.736,690.743,142.55200000000002,25.756999999999998,3.4029999999999996,3.348,3.348,3.348,3.348,11,Autumn
2023-11-09,3.348,3.348,3.348,3.348,4.1240000000000006,184.054,371.671,461.118,1271.766,2187.741,1408.446,1372.623,355.435,33.184,3.9889999999999994,3.9359999999999995,3.9359999999999995,3.9359999999999995,3.9359999999999995,11,Autumn
2023-11-10,3.9359999999999995,3.9359999999999995,3.9359999999999995,3.9359999999999995,6.810999999999999,132.852,427.139,929.814,1388.481,574.048,550.214,524.857,199.861,20.631,1.212,1.212,1.212,1.212,1.212,11,Autumn
2023-11-11,1.212,1.212,1.212,1.212,0.6509999999999999,60.908,166.742,239.142,346.535,300.256,226.639,209.0,81.17999999999999,10.834,2.8560000000000003,2.8560000000000003,2.8560000000000003,2.8560000000000003,2.8560000000000003,11,Autumn
2023-11-12,2.8560000000000003,2.8560000000000003,2.8560000000000003,2.8560000000000003,1.8050000000000002,74.705,255.67,301.10900000000004,253.036,137.57,195.123,82.35,41.644,13.434000000000001,3.024,3.024,3.024,3.024,3.024,11,Autumn
2023-11-13,3.024,2.98,3.0382857142857143,3.017714285714286,1.855,171.47071428571428,236.0612857142857,255.21,615.612,948.298,483.619,628.977,170.25799999999998,30.31,3.4439999999999995,3.372,3.372,3.372,3.372,11,Autumn
2023-11-14,3.372,3.372,3.372,3.372,2.3749999999999996,54.942,320.795,659.314,1099.313,722.1949999999999,404.673,193.919,84.172,19.856,3.8639999999999994,3.8639999999999994,3.8639999999999994,3.8639999999999994,3.8639999999999994,11,Autumn
2023-11-15,3.8639999999999994,3.8639999999999994,3.8639999999999994,3.8639999999999994,2.9729999999999994,15.155000000000001,87.834,163.011,220.37,173.787,164.977,117.048,69.348,7.457,3.4680000000000004,3.4680000000000004,3.4680000000000004,3.4680000000000004,3.4680000000000004,11,Autumn
2023-11-16,3.4680000000000004,3.4680000000000004,3.4680000000000004,3.4680000000000004,2.47,20.445,140.659,166.707,216.803,226.356,190.257,124.62799999999999,80.511,13.023,3.096,3.096,3.096,3.096,3.096,11,Autumn
2023-11-17,3.096,3.096,3.096,3.096,2.407,34.193,138.366,162.913,304.607,186.188,258.375,141.686,64.034,6.789,2.46,2.46,2.46,2.46,2.46,11,Autumn
2023-11-18,2.46,2.46,2.46,2.46,1.9660000000000002,53.123,259.609,209.56099999999998,236.59,264.989,160.01,88.837,41.557,7.386,3.156,3.156,3.156,3.156,3.156,11,Autumn
2023-11-19,3.156,3.156,3.156,3.156,2.386,56.74,224.646,334.332,413.24399999999997,220.15,163.18200000000002,129.74,83.603,8.583,2.364,2.364,2.364,2.364,2.364,11,Autumn
2023-11-20,2.364,2.364,2.364,2.364,1.675,103.141,595.849,1618.0369999999998,1927.739,1621.129,1658.223,930.041,254.042,26.314,2.316,2.316,2.316,2.316,2.316,11,Autumn
2023-11-21,2.316,2.316,2.316,2.316,1.737,56.057,283.004,545.69,1213.373,2224.547,919.433,165.719,76.835,14.161,3.4080000000000004,3.4080000000000004,3.4080000000000004,3.4080000000000004,3.4080000000000004,11,Autumn
2023-11-22,3.4080000000000004,3.4080000000000004,3.4080000000000004,3.4080000000000004,3.1820000000000004,13.412,63.191,159.488,332.019,399.94500000000005,1552.003,826.2620000000001,188.492,15.55,2.208,2.208,2.208,2.208,2.208,11,Autumn
2023-11-23,2.208,2.208,2.208,2.208,2.208,6.388,55.744,125.072,186.078,119.71199999999999,168.04399999999998,95.80100000000002,22.758000000000003,5.638999999999999,2.3520000000000003,2.3520000000000003,2.3520000000000003,2.3520000000000003,2.3520000000000003,11,Autumn
2023-11-24,2.3520000000000003,2.3520000000000003,2.3851428571428572,2.4131428571428573,2.085857142857143,13.639,192.31585714285714,240.4667142857143,337.452,280.522,338.785,122.53200000000001,60.44,11.399000000000001,3.516,3.516,3.516,3.516,3.516,11,Autumn
2023-11-25,3.516,3.516,3.516,3.516,3.2169999999999996,37.429,197.605,337.185,464.83900000000006,340.196,176.17000000000002,115.87700000000001,57.382,6.681,3.564,3.564,3.564,3.564,3.564,11,Autumn
2023-11-26,3.564,3.564,3.564,3.564,3.564,7.111000000000001,80.303,127.08,170.875,229.28300000000002,200.828,190.46699999999998,75.196,8.713,2.916,2.916,2.916,2.916,2.916,11,Autumn
2023-11-27,2.916,2.916,2.916,2.916,2.916,1.1920000000000002,42.671,83.33,105.69,112.535,85.073,50.461,25.799,6.247,3.012,3.012,3.012,3.012,3.012,11,Autumn
2023-11-28,3.012,3.012,3.012,3.012,2.94,43.571,305.828,705.641,1040.461,1446.067,1259.357,301.875,90.232,9.262,1.98,1.98,1.98,1.98,1.98,11,Autumn
2023-11-29,1.98,1.98,1.98,1.98,1.98,18.284,125.176,311.824,446.963,492.165,430.497,294.659,124.40199999999999,14.915,2.7,2.7,2.7,2.7,2.7,11,Autumn
2023-11-30,2.7,2.7,2.7,2.7,2.6570000000000005,21.174,135.949,350.146,560.603,658.14,521.2710000000001,525.9159999999999,71.803,6.33,2.556,2.556,2.556,2.556,2.556,11,Autumn
2023-12-01,2.556,2.556,2.556,2.556,2.556,13.922,86.105,166.903,321.863,402.111,585.996,573.4390000000001,57.275,5.611,3.6239999999999997,3.6239999999999997,3.6239999999999997,3.6239999999999997,3.6239999999999997,12,Winter
2023-12-02,3.6239999999999997,3.6239999999999997,3.6239999999999997,3.6239999999999997,3.6239999999999997,25.502,159.186,240.821,269.211,249.006,140.487,104.037,32.366,5.232,3.3600000000000003,3.3600000000000003,3.3600000000000003,3.3600000000000003,3.3600000000000003,12,Winter
2023-12-03,3.3600000000000003,3.3600000000000003,3.3600000000000003,3.3600000000000003,3.3600000000000003,1.459,24.473,50.308,97.992,97.476,83.332,54.259,28.32,4.173,1.2240000000000002,1.2240000000000002,1.2240000000000002,1.2240000000000002,1.2240000000000002,12,Winter
2023-12-04,1.2240000000000002,1.2240000000000002,1.2240000000000002,1.2240000000000002,1.2240000000000002,0.7350000000000001,8.385,29.564,78.321,69.13900000000001,57.182,39.507000000000005,14.804,4.264,2.652,2.652,2.652,2.652,2.652,12,Winter
2023-12-05,2.652,2.652,2.6195714285714287,2.660714285714286,2.658428571428572,1.4812857142857143,31.521571428571427,101.18228571428571,239.73442857142857,360.205,330.661,117.69,46.312,6.162,2.484,2.484,2.484,2.484,2.484,12,Winter
2023-12-06,2.484,2.484,2.484,2.484,2.484,2.258,46.506,102.71000000000001,157.609,142.416,116.834,62.931,22.647000000000002,4.66,2.22,2.22,2.22,2.22,2.22,12,Winter
2023-12-07,2.22,2.22,2.22,2.22,2.22,1.3290000000000002,36.348,89.617,168.477,222.483,224.805,139.317,44.266,6.199,2.8080000000000007,2.8080000000000007,2.8080000000000007,2.8080000000000007,2.8080000000000007,12,Winter
2023-12-08,2.8080000000000007,2.8080000000000007,2.8080000000000007,2.8080000000000007,2.8080000000000007,6.626,36.827999999999996,50.150999999999996,159.647,135.102,93.50399999999999,62.405,26.066,4.588,2.46,2.46,2.46,2.46,2.46,12,Winter
2023-12-09,2.46,2.46,2.46,2.46,2.46,2.0650000000000004,47.45,90.655,129.996,142.972,80.482,53.573,18.394000000000002,3.602,2.112,2.112,2.112,2.112,2.112,12,Winter
2023-12-10,2.112,2.112,2.112,2.112,2.112,1.843,33.958999999999996,96.257,194.997,167.168,145.272,71.861,36.32,4.531,2.904,2.904,2.904,2.904,2.904,12,Winter
2023-12-11,2.904,2.904,2.904,2.904,2.904,2.513,47.684000000000005,65.376,89.88,114.17999999999999,123.483,63.877,19.772,3.903,2.4960000000000004,2.4960000000000004,2.4960000000000004,2.4960000000000004,2.4960000000000004,12,Winter
2023-12-12,2.4960000000000004,2.4960000000000004,2.4960000000000004,2.4960000000000004,2.4960000000000004,1.372,65.152,96.18,112.51,154.374,214.418,131.986,43.711,5.678999999999999,3.6719999999999997,3.6719999999999997,3.6719999999999997,3.6719999999999997,3.6719999999999997,12,Winter
2023-12-13,3.6719999999999997,3.6719999999999997,3.6719999999999997,3.6719999999999997,3.6719999999999997,1.472,80.186,219.76,293.967,282.365,252.933,138.403,41.134,4.787,2.5440000000000005,2.5440000000000005,2.5440000000000005,2.5440000000000005,2.5440000000000005,12,Winter
2023-12-14,2.5440000000000005,2.5440000000000005,2.5440000000000005,2.5440000000000005,2.5440000000000005,1.185,44.53,132.996,176.749,143.62199999999999,132.569,94.08200000000001,33.75,5.042999999999999,2.1959999999999997,2.1959999999999997,2.1959999999999997,2.1959999999999997,2.1959999999999997,12,Winter
2023-12-15,2.1959999999999997,2.1959999999999997,2.1959999999999997,2.1959999999999997,2.1959999999999997,0.923,45.165,66.877,92.929,206.208,231.2,93.578,24.861,4.798,2.94,2.94,2.94,2.94,2.94,12,Winter
2023-12-16,2.94,2.94,2.94,2.950142857142857,2.952142857142857,1.41,37.73542857142857,109.658,115.03014285714286,137.26414285714287,109.642,78.97699999999999,28.997,5.13,2.46,2.46,2.46,2.46,2.46,12,Winter
2023-12-17,2.46,2.46,2.46,2.46,2.46,1.3610000000000002,30.739,75.524,120.489,123.0,107.709,85.03,27.689,4.694,3.132,3.132,3.132,3.132,3.132,12,Winter
2023-12-18,3.132,3.132,3.132,3.132,3.132,1.909,31.871,73.016,161.852,166.09,130.452,115.411,45.134,5.728,1.9799999999999998,1.9799999999999998,1.9799999999999998,1.9799999999999998,1.9799999999999998,12,Winter
2023-12-19,1.9799999999999998,1.9799999999999998,1.9799999999999998,1.9799999999999998,1.9799999999999998,1.1729999999999998,21.121000000000002,84.458,65.955,227.796,228.51700000000002,55.066,17.854,3.9690000000000003,3.3360000000000003,3.3360000000000003,3.3360000000000003,3.3360000000000003,3.3360000000000003,12,Winter
2023-12-20,3.3360000000000003,3.3360000000000003,3.3360000000000003,3.3360000000000003,3.3360000000000003,1.606,108.77199999999999,297.837,506.695,481.986,326.075,252.298,71.867,7.047,2.4720000000000004,2.4720000000000004,2.4720000000000004,2.4720000000000004,2.4720000000000004,12,Winter
2023-12-21,2.4720000000000004,2.4720000000000004,2.4720000000000004,2.4720000000000004,2.4720000000000004,5.337,183.926,732.4060000000001,682.97,235.867,145.116,87.91199999999999,25.019000000000002,4.967,3.156,3.156,3.156,3.156,3.156,12,Winter
2023-12-22,3.156,3.156,3.156,3.156,3.156,3.477,138.147,322.72900000000004,516.987,554.261,746.91,459.255,133.201,6.716,2.2199999999999998,2.2199999999999998,2.2199999999999998,2.2199999999999998,2.2199999999999998,12,Winter
2023-12-23,2.2199999999999998,2.2199999999999998,2.2199999999999998,2.2199999999999998,2.2199999999999998,1.524,14.456,34.054,59.3,47.756,50.961,45.426,14.498,4.9590000000000005,2.7960000000000003,2.7960000000000003,2.7960000000000003,2.7960000000000003,2.7960000000000003,12,Winter
2023-12-24,2.7960000000000003,2.7960000000000003,2.7960000000000003,2.7960000000000003,2.7960000000000003,1.7540000000000002,7.032,38.409,77.237,71.12,38.695,27.984,17.283,4.109999999999999,1.392,1.392,1.392,1.392,1.392,12,Winter
2023-12-25,1.392,1.392,1.392,1.392,1.392,0.5589999999999999,100.21000000000001,170.19400000000002,271.13,369.302,443.31,228.299,121.19099999999999,5.786,3.5759999999999996,3.5759999999999996,3.5759999999999996,3.5759999999999996,3.5759999999999996,12,Winter
2023-12-26,3.5759999999999996,3.5759999999999996,3.5759999999999996,3.5759999999999996,3.5759999999999996,7.832,87.858,117.584,119.31,60.043,71.751,56.795,46.165,7.832999999999999,1.7039999999999997,1.7039999999999997,1.7039999999999997,1.7039999999999997,1.7039999999999997,12,Winter
2023-12-27,1.7039999999999997,1.7039999999999997,1.7039999999999997,1.7242857142857142,1.7014285714285713,0.7678571428571428,91.81842857142857,564.1013571428572,703.6305714285714,472.0562857142857,348.96299999999997,348.195,145.528,12.235000000000001,3.479999999999999,3.479999999999999,3.479999999999999,3.479999999999999,3.479999999999999,12,Winter
2023-12-28,3.479999999999999,3.479999999999999,3.479999999999999,3.479999999999999,3.479999999999999,2.2999999999999994,82.478,141.398,303.905,314.883,171.84199999999998,144.178,28.834,5.638999999999999,3.8759999999999994,3.8759999999999994,3.8759999999999994,3.8759999999999994,3.8759999999999994,12,Winter
2023-12-29,3.8759999999999994,3.8759999999999994,3.8759999999999994,3.8759999999999994,3.8759999999999994,2.053,99.579,204.79,181.63400000000001,178.344,93.361,61.056999999999995,30.475,6.313999999999999,2.4480000000000004,2.4480000000000004,2.4480000000000004,2.4480000000000004,2.4480000000000004,12,Winter
2023-12-30,2.4480000000000004,2.4480000000000004,2.4480000000000004,2.4480000000000004,2.4480000000000004,1.802,14.008,165.601,312.805,227.542,147.497,119.378,47.025,8.173,2.952,2.952,2.952,2.952,2.952,12,Winter
2023-12-31,2.952,2.952,2.952,2.952,2.952,1.757,49.644,187.114,340.954,517.934,265.447,162.80499999999998,62.824999999999996,8.816,1.908,1.908,1.908,1.908,1.908,12,Winter
